WardCode,WardName
10101,Borno_Abadam_Arege
10102,Borno_Abadam_Banowa
10104,Borno_Abadam_Foguwa
10105,Borno_Abadam_Jabullam
10106,Borno_Abadam_Kessa'A
10107,Borno_Abadam_Kudokurgo
10108,Borno_Abadam_Yau
10109,Borno_Abadam_Yawa
10110,Borno_Abadam_Yitiwa
10201,Borno_Askira-Uba_Askira East
10202,Borno_Askira-Uba_Dille Huyim
10203,Borno_Askira-Uba_Hausari Zadawa
10204,Borno_Askira-Uba_Hausari Tampul
10209,Borno_Askira-Uba_Ngurthlavu Kopa
10206,Borno_Askira-Uba_Mussa
10207,Borno_Askira-Uba_Ngohi
10208,Borno_Askira-Uba_Ngulde
10210,Borno_Askira-Uba_Rumirgu Chul
10211,Borno_Askira-Uba_Uba
10212,Borno_Askira-Uba_Uvu Uda
10213,Borno_Askira-Uba_Wamdeo Giwi
10401,Borno_Bayo_Balbaya
10402,Borno_Bayo_Briyel
10403,Borno_Bayo_Fikayel
10404,Borno_Bayo_Gamad
10405,Borno_Bayo_Garad
10406,Borno_Bayo_Garag
10407,Borno_Bayo_Limanti
10408,Borno_Bayo_Telli
10409,Borno_Bayo_Wuyo
10410,Borno_Bayo_Zara
10501,Borno_Biu_Buratai
10502,Borno_Biu_Dugja
10503,Borno_Biu_Galdimare
10504,Borno_Biu_Garubula
10505,Borno_Biu_Gunda
10506,Borno_Biu_Gur
10507,Borno_Biu_Mandaragirau
10508,Borno_Biu_Miringa
10509,Borno_Biu_Sulumthla
10510,Borno_Biu_Yawi
10511,Borno_Biu_Zarawuyaku
10601,Borno_Chibok_Garu
10602,Borno_Chibok_Gatamarwa
10603,Borno_Chibok_Kautikari
10710,Borno_Damboa_Gumsuri
10605,Borno_Chibok_Korongilum
10606,Borno_Chibok_Likama
10607,Borno_Chibok_Mbalala
10609,Borno_Chibok_Pemi
10610,Borno_Chibok_Shirarkir
10611,Borno_Chibok_Whuntaku
11001,Borno_Guzamala_Aduwa
11002,Borno_Guzamala_Gudumbali West
11003,Borno_Guzamala_Guzamala East
11004,Borno_Guzamala_Guzamala West
11005,Borno_Guzamala_Kingarawa
11006,Borno_Guzamala_Mairari
11008,Borno_Guzamala_Wamiri
11009,Borno_Guzamala_Moduri
11010,Borno_Guzamala_Gudumbali East
11101,Borno_Gwoza_Ashigashiya
11102,Borno_Gwoza_Bita Izge
11103,Borno_Gwoza_Bulabulin
11104,Borno_Gwoza_Chikide
11105,Borno_Gwoza_Gava Agapalawa
11106,Borno_Gwoza_Guduf A&B
11107,Borno_Gwoza_Hambagda
11108,Borno_Gwoza_Hausari
10313,Borno_Bama_Yabiri
11110,Borno_Gwoza_Kuranabasa
11111,Borno_Gwoza_Ngoshe
11112,Borno_Gwoza_Pulka Bokko
11113,Borno_Gwoza_Wala Warabe
11201,Borno_Hawul_Bilingwi
11202,Borno_Hawul_Grim Damchoba
11203,Borno_Hawul_Gwangang Chata
11204,Borno_Hawul_Hizhibwala
11205,Borno_Hawul_Kidda
11206,Borno_Hawul_Kwajaffa
11207,Borno_Hawul_Kwayabura
11208,Borno_Hawul_Marama Kidang
11209,Borno_Hawul_Pama Whitambaya
11210,Borno_Hawul_Puba Vidau
11211,Borno_Hawul_Sakwa Hema
11212,Borno_Hawul_Shaffa
11301,Borno_Jere_Galtimari B
11302,Borno_Jere_Alau
11304,Borno_Jere_Tuba
11307,Borno_Jere_Dusuma
11308,Borno_Jere_Khadammari
11309,Borno_Jere_Mairi
11310,Borno_Jere_Gongulong
11311,Borno_Jere_Old Maiduguri
11312,Borno_Jere_Dala
11401,Borno_Kaga_Benisheikh
11402,Borno_Kaga_Borgozo
11403,Borno_Kaga_Dogoma
11404,Borno_Kaga_Dongo
11405,Borno_Kaga_Fai
11406,Borno_Kaga_Marguba
11407,Borno_Kaga_Galangi
11408,Borno_Kaga_Guwo
11409,Borno_Kaga_Karagawaru
11410,Borno_Kaga_Mainok
11411,Borno_Kaga_Ngamdu
11412,Borno_Kaga_Shettimari
11413,Borno_Kaga_Tobolo
11414,Borno_Kaga_Wassaram
11415,Borno_Kaga_Wajiro
11505,Borno_Kala-Balge_Kala
11506,Borno_Kala-Balge_Mada
11507,Borno_Kala-Balge_Moholo
11509,Borno_Kala-Balge_Sigal
11510,Borno_Kala-Balge_Rann
11601,Borno_Konduga_Ajiri
11602,Borno_Konduga_Auno
11603,Borno_Konduga_Dalori
11604,Borno_Konduga_Dalwa
11606,Borno_Konduga_Jakana
11607,Borno_Konduga_Kawuri
11608,Borno_Konduga_Malari
11609,Borno_Konduga_Konduga
11610,Borno_Konduga_Yabal
11611,Borno_Konduga_Yale
11801,Borno_Kwaya Kusar_Bila Gusi
11802,Borno_Kwaya Kusar_Gondi
11803,Borno_Kwaya Kusar_Guwal
11804,Borno_Kwaya Kusar_Kubuku
11805,Borno_Kwaya Kusar_Kurba Gayi
11806,Borno_Kwaya Kusar_Kwaya Kusar
11807,Borno_Kwaya Kusar_Peta
11808,Borno_Kwaya Kusar_Wada
11809,Borno_Kwaya Kusar_Wawa
11810,Borno_Kwaya Kusar_Yimirdalang
11901,Borno_Mafa_Ajiri
11902,Borno_Mafa_Gawa
11903,Borno_Mafa_Koshebe
11904,Borno_Mafa_Lege
11905,Borno_Mafa_Limanti
11906,Borno_Mafa_Loskuri
11907,Borno_Mafa_Ma'Afa
11908,Borno_Mafa_Mafa
11909,Borno_Mafa_Masu
11910,Borno_Mafa_Mujigine
11912,Borno_Mafa_Zangebe
12001,Borno_Magumeri_Ardoram
12002,Borno_Magumeri_Ayi Yasku
12004,Borno_Magumeri_Furram
12005,Borno_Magumeri_Gajigana
12006,Borno_Magumeri_Hoyo  Chingowa
12007,Borno_Magumeri_Kalizoram
12009,Borno_Magumeri_Kupti
12010,Borno_Magumeri_Ngamma
12011,Borno_Magumeri_Ngubala Bamma
12012,Borno_Magumeri_Titiwa
12301,Borno_Monguno_Damakuli
12302,Borno_Monguno_Kaguram
12304,Borno_Monguno_Mandala
12113,Borno_Marte_Z Ngalori
12306,Borno_Monguno_Mofio
12307,Borno_Monguno_Mongonu
12308,Borno_Monguno_Ngurno
12309,Borno_Monguno_Sure
12310,Borno_Monguno_Wulo
12311,Borno_Monguno_Yele
12501,Borno_Ngala_Fuye
12502,Borno_Ngala_Gamboru A
12503,Borno_Ngala_Gamboru B
12504,Borno_Ngala_Gamboru C
12505,Borno_Ngala_Logumane
12506,Borno_Ngala_Ndufu
12507,Borno_Ngala_Ngala
12508,Borno_Ngala_Shehuri
10810,Borno_Dikwa_Margata
12510,Borno_Ngala_Wulgo
12511,Borno_Ngala_Wulgo
12602,Borno_Nganzai_Badu
12603,Borno_Nganzai_Damaram
12604,Borno_Nganzai_Gajiram
12605,Borno_Nganzai_Kurnawa
12606,Borno_Nganzai_Jigalta
12607,Borno_Nganzai_Kuda
12608,Borno_Nganzai_Alarge
12609,Borno_Nganzai_Maiwa
12610,Borno_Nganzai_Miye
12611,Borno_Nganzai_Sabsabuwa
12612,Borno_Nganzai_Sugundare
12615,Borno_Nganzai_Lakudum
12701,Borno_Shani_Bargu
12702,Borno_Shani_Buma
12703,Borno_Shani_Gasi
12704,Borno_Shani_Gora
12705,Borno_Shani_Gwaskara
12706,Borno_Shani_Gwalasho
12707,Borno_Shani_Kubo
12709,Borno_Shani_Kombo
12710,Borno_Shani_Shani
12711,Borno_Shani_Walama
10205,Borno_Askira-Uba_Lassa
11306,Borno_Jere_Galtimari
12303,Borno_Monguno_Kumalia
11703,Borno_Kukawa_Barwati
11612,Borno_Konduga_Yajiwa
10301,Borno_Bama_Abbaram
10302,Borno_Bama_Amchaka
10303,Borno_Bama_Andara
10304,Borno_Bama_Kumshe
10305,Borno_Bama_Banki
10306,Borno_Bama_Bogomari
10307,Borno_Bama_Darajamal
11109,Borno_Gwoza_Kirawa
10308,Borno_Bama_Goniri
10310,Borno_Bama_Kasugula
10312,Borno_Bama_Soye
10311,Borno_Bama_Shehuri
10309,Borno_Bama_Gulumba
10314,Borno_Bama_Zageri
10801,Borno_Dikwa_Afuye
10803,Borno_Dikwa_Dikwa
10808,Borno_Dikwa_Ngudoram
10804,Borno_Dikwa_Gajibo
10807,Borno_Dikwa_M. Kaza
12509,Borno_Ngala_Warshele
11707,Borno_Kukawa_Kauwa
11704,Borno_Kukawa_Bundur
11705,Borno_Kukawa_Dogoshi
11007,Borno_Guzamala_Guworam
11708,Borno_Kukawa_Kekeno
11709,Borno_Kukawa_Kukawa
12102,Borno_Marte_A Lawant
12112,Borno_Marte_Njine
12101,Borno_Marte_Ala
12305,Borno_Monguno_Mintar
12104,Borno_Marte_Borsori
12107,Borno_Marte_Kirenowa
12109,Borno_Marte_Marte
12110,Borno_Marte_Musune
12111,Borno_Marte_Muwalli
12103,Borno_Marte_Badairi
12401,Borno_Maiduguri_Bolori I
12404,Borno_Maiduguri_Fezzan
12405,Borno_Maiduguri_Gamboru
12403,Borno_Maiduguri_Bulabulin
12406,Borno_Maiduguri_Hausari
12410,Borno_Maiduguri_Lamisula
12413,Borno_Maiduguri_Maisandari
12415,Borno_Maiduguri_Shehuri South
11303,Borno_Jere_Gomari
12201,Borno_Mobbar_Asaga
12205,Borno_Mobbar_Duji
12202,Borno_Mobbar_Bogum
12206,Borno_Mobbar_Gashigar
12204,Borno_Mobbar_Chamba
12210,Borno_Mobbar_Zari
12208,Borno_Mobbar_Layi
12207,Borno_Mobbar_Kareto
12209,Borno_Mobbar_Z.Umarti
10708,Borno_Damboa_Ajigin A'
10709,Borno_Damboa_Ajigin B'
10701,Borno_Damboa_Azir Multe
10702,Borno_Damboa_Bego
10604,Borno_Chibok_Kuburmbula
10705,Borno_Damboa_Mulgo Kopchi
10608,Borno_Chibok_Mbokura
10706,Borno_Damboa_Nzuda Wuyaram
10707,Borno_Damboa_Wawa Korode
10703,Borno_Damboa_Damboa Central
11911,Borno_Mafa_Tamsu Ngamdua
11502,Borno_Kala-Balge_Jilbe
11504,Borno_Kala-Balge_K Kumaga
11503,Borno_Kala-Balge_Jarawa
11508,Borno_Kala-Balge_K Kaudi
11501,Borno_Kala-Balge_Daima
10802,Borno_Dikwa_Boboshe
10805,Borno_Dikwa_Muliye
10809,Borno_Dikwa_Ufaye
10806,Borno_Dikwa_M. Maja
11701,Borno_Kukawa_Alagarno
11706,Borno_Kukawa_Doro
11702,Borno_Kukawa_Baga
11710,Borno_Kukawa_Yoyo
12106,Borno_Marte_Kabulawa
12108,Borno_Marte_Kulli
12003,Borno_Magumeri_Borno Yesu
12008,Borno_Magumeri_Kararam
10902,Borno_Gubio_Felo
12613,Borno_Nganzai_Gadai
10903,Borno_Gubio_Gazabure
10904,Borno_Gubio_Gobio 1
10906,Borno_Gubio_Kingowa
10905,Borno_Gubio_Gobio 2
10901,Borno_Gubio_Ardimini
10907,Borno_Gubio_Ngetra
10908,Borno_Gubio_Zowo
10910,Borno_Gubio_Dabira
10911,Borno_Gubio_Gamawu
12105,Borno_Marte_Gumna
12312,Borno_Monguno_Zulum
10111,Borno_Abadam_Busuna
10711,Borno_Damboa_Kafa  Mafi
12203,Borno_Mobbar_Damasak
12409,Borno_Maiduguri_Gwange III
12408,Borno_Maiduguri_Gwange II
12407,Borno_Maiduguri_Gwange I
12402,Borno_Maiduguri_Bolori II
11305,Borno_Jere_Mashamari
12411,Borno_Maiduguri_Limanti
12412,Borno_Maiduguri_Mafoni
12414,Borno_Maiduguri_Shehuri North
JI0101,Jigawa_Auyo_Auyakayi
JI0102,Jigawa_Auyo_Auyo
JI0103,Jigawa_Auyo_Ayama
JI0104,Jigawa_Auyo_Ayan
JI0105,Jigawa_Auyo_Gamafoi
JI0106,Jigawa_Auyo_Gamsarka
JI0107,Jigawa_Auyo_Gatafa
JI0108,Jigawa_Auyo_Kafur
JI0109,Jigawa_Auyo_Tsidar
JI0110,Jigawa_Auyo_Unik
JI0201,Jigawa_Babura_Babura
JI0202,Jigawa_Babura_Batali
JI0203,Jigawa_Babura_Dorawa
JI0204,Jigawa_Babura_Garu
JI0205,Jigawa_Babura_Gasakoli
JI0206,Jigawa_Babura_Insharuwa
JI0207,Jigawa_Babura_Jigawa
JI0809,Jigawa_Garki_Muku
JI0209,Jigawa_Babura_Kuzunzumi
JI0210,Jigawa_Babura_Kyambo
JI0211,Jigawa_Babura_Takwasa
JI0301,Jigawa_Birnin Kudu_Birnin Kudu
JI0302,Jigawa_Birnin Kudu_Kangire
JI0303,Jigawa_Birnin Kudu_Kantoga
JI0304,Jigawa_Birnin Kudu_Kiyako
JI0305,Jigawa_Birnin Kudu_Kwangwara
JI0306,Jigawa_Birnin Kudu_Lafia
JI0307,Jigawa_Birnin Kudu_Sundimina
JI0308,Jigawa_Birnin Kudu_Surko
JI0309,Jigawa_Birnin Kudu_Unguwar Ya
JI0310,Jigawa_Birnin Kudu_Wurno
JI0311,Jigawa_Birnin Kudu_Yalwan Damai
JI0401,Jigawa_Biriniwa_Batu
JI0402,Jigawa_Biriniwa_Birniwa
JI0403,Jigawa_Biriniwa_Dangwaleri
JI0404,Jigawa_Biriniwa_Diginsa
JI0405,Jigawa_Biriniwa_Fagi
JI0406,Jigawa_Biriniwa_Kachallari
JI0407,Jigawa_Biriniwa_Karanga
JI0408,Jigawa_Biriniwa_Kazura
JI0409,Jigawa_Biriniwa_Machinamari
JI0410,Jigawa_Biriniwa_Matamu
JI0411,Jigawa_Biriniwa_Nguwa
JI0501,Jigawa_Buji_Ahoto
JI0502,Jigawa_Buji_Buji
JI0503,Jigawa_Buji_Chirbin
JI0504,Jigawa_Buji_Falgeri
JI0505,Jigawa_Buji_Gantsa
JI0506,Jigawa_Buji_Kawaya
JI0507,Jigawa_Buji_Kukuma
JI0508,Jigawa_Buji_Lelen Kudu
JI0509,Jigawa_Buji_Madabe
JI0510,Jigawa_Buji_Yayarin Tukur
JI0601,Jigawa_Dutse_Abaya
JI0602,Jigawa_Dutse_Chamo
JI0603,Jigawa_Dutse_Dundubus
JI0604,Jigawa_Dutse_Duru
JI0605,Jigawa_Dutse_Jigawar Tsada
JI0606,Jigawa_Dutse_Kachi
JI0607,Jigawa_Dutse_Karnaya
JI0608,Jigawa_Dutse_Kudai
JI0609,Jigawa_Dutse_Limawa
JI0610,Jigawa_Dutse_Madobi
JI0611,Jigawa_Dutse_Sakwaya
JI0701,Jigawa_Gagarawa_Gagarawa Gari
JI0702,Jigawa_Gagarawa_Gagarawa Tasha
JI0703,Jigawa_Gagarawa_Garin Chiroma
JI0704,Jigawa_Gagarawa_Kore Balatu
JI0705,Jigawa_Gagarawa_Madaka
JI0706,Jigawa_Gagarawa_Mai Aduwa
JI0707,Jigawa_Gagarawa_Maikilili
JI0708,Jigawa_Gagarawa_Medu
JI0709,Jigawa_Gagarawa_Yalawa
JI0710,Jigawa_Gagarawa_Zarada
JI0801,Jigawa_Garki_Baburi
JI0802,Jigawa_Garki_Doko
JI0803,Jigawa_Garki_Garki
JI0804,Jigawa_Garki_Gwarzo
JI0805,Jigawa_Garki_Jirima
JI0806,Jigawa_Garki_Kanya
JI0807,Jigawa_Garki_Kargo
JI0808,Jigawa_Garki_Kore
JI0810,Jigawa_Garki_Rafin Marke
JI0811,Jigawa_Garki_Sayori
JI0901,Jigawa_Gumel_Alhaji Barka
JI0902,Jigawa_Gumel_Bekarya
JI0903,Jigawa_Gumel_Dan Ama
JI0904,Jigawa_Gumel_Dantanoma
JI0905,Jigawa_Gumel_Galagamma
JI0906,Jigawa_Gumel_Garin Gambo
JI0907,Jigawa_Gumel_Gusau
JI0909,Jigawa_Gumel_Kofar Arewa
JI0910,Jigawa_Gumel_Kofar Yamma
JI0911,Jigawa_Gumel_Zango
JI1001,Jigawa_Guri_Abunabo
JI1002,Jigawa_Guri_Adiyani
JI1003,Jigawa_Guri_Dawa
JI1004,Jigawa_Guri_Garbagal
JI1005,Jigawa_Guri_Guri
JI1006,Jigawa_Guri_Kadira
JI1007,Jigawa_Guri_Lafiya
JI1008,Jigawa_Guri_Margadu
JI1009,Jigawa_Guri_Matara Babba
JI1010,Jigawa_Guri_Musari
JI1101,Jigawa_Gwaram_Basirka
JI1102,Jigawa_Gwaram_Dingaya
JI1103,Jigawa_Gwaram_Fagam
JI1104,Jigawa_Gwaram_Farin Dutse
JI1105,Jigawa_Gwaram_Gwaram
JI1106,Jigawa_Gwaram_Kila
JI1107,Jigawa_Gwaram_Kwondiko
JI1108,Jigawa_Gwaram_Maruta
JI1109,Jigawa_Gwaram_Sara
JI1110,Jigawa_Gwaram_Tsangarwa
JI1111,Jigawa_Gwaram_Zandam Nagogo
JI1201,Jigawa_Gwiwa_Buntusu
JI1202,Jigawa_Gwiwa_Dabi
JI1203,Jigawa_Gwiwa_Darina
JI1204,Jigawa_Gwiwa_Firji
JI1205,Jigawa_Gwiwa_Guntai
JI1206,Jigawa_Gwiwa_Gwiwa
JI1207,Jigawa_Gwiwa_Korayel
JI1208,Jigawa_Gwiwa_Rorau
JI1209,Jigawa_Gwiwa_Shafe
JI1210,Jigawa_Gwiwa_Yola
JI1211,Jigawa_Gwiwa_Zauma
JI1301,Jigawa_Hadejia_Atafi
JI1302,Jigawa_Hadejia_Dubantu
JI1303,Jigawa_Hadejia_Gagulmari
JI1304,Jigawa_Hadejia_Kasuwar Kofa
JI1305,Jigawa_Hadejia_Kasuwar Kuda
JI1306,Jigawa_Hadejia_Majema
JI1307,Jigawa_Hadejia_Matsaro
JI1308,Jigawa_Hadejia_Rumfa
JI1309,Jigawa_Hadejia_Sabon Garu
JI1310,Jigawa_Hadejia_Yankoli
JI1311,Jigawa_Hadejia_Yayari
JI1401,Jigawa_Jahun_Aujara
JI1402,Jigawa_Jahun_Gangawa
JI1403,Jigawa_Jahun_Gauza
JI1404,Jigawa_Jahun_Gunka
JI1405,Jigawa_Jahun_Harbo Sabuwa
JI1406,Jigawa_Jahun_Harbo Tsohuwa
JI1407,Jigawa_Jahun_Idanduna
JI1408,Jigawa_Jahun_Jabarna
JI1409,Jigawa_Jahun_Jahun
JI1410,Jigawa_Jahun_Kale
JI1411,Jigawa_Jahun_Kanwa
JI1501,Jigawa_Kafin Hausa_Bulangu
JI1502,Jigawa_Kafin Hausa_Dumadumi Toka
JI1503,Jigawa_Kafin Hausa_Gafaya
JI1504,Jigawa_Kafin Hausa_Jabbo
JI1505,Jigawa_Kafin Hausa_Kafin Hausa
JI1506,Jigawa_Kafin Hausa_Kwazailewa
JI1507,Jigawa_Kafin Hausa_Majawa
JI1508,Jigawa_Kafin Hausa_Mezan
JI1509,Jigawa_Kafin Hausa_Ruba
JI1510,Jigawa_Kafin Hausa_Tsarawa
JI1511,Jigawa_Kafin Hausa_Zango Kura
JI1601,Jigawa_Kaugama_Arbus
JI1602,Jigawa_Kaugama_Askandu
JI1603,Jigawa_Kaugama_Dabuwaran
JI1604,Jigawa_Kaugama_Dakaiyyawa
JI1605,Jigawa_Kaugama_Girbobo
JI1606,Jigawa_Kaugama_Hadin
JI1607,Jigawa_Kaugama_Jae
JI1608,Jigawa_Kaugama_Kaugama
JI1609,Jigawa_Kaugama_Marke
JI1610,Jigawa_Kaugama_Ung. Jibrin
JI1611,Jigawa_Kaugama_Yalo
JI1701,Jigawa_Kazaure_Baauzini
JI1702,Jigawa_Kazaure_Daba
JI1703,Jigawa_Kazaure_Dabaza
JI1704,Jigawa_Kazaure_Dandi
JI1705,Jigawa_Kazaure_Gada
JI1706,Jigawa_Kazaure_Kanti
JI1707,Jigawa_Kazaure_Maradawa
JI1708,Jigawa_Kazaure_Sabaru
JI1709,Jigawa_Kazaure_Ungwar Arewa
JI1710,Jigawa_Kazaure_Ungwar Gabas
JI1711,Jigawa_Kazaure_Ungwar Yamma
JI1801,Jigawa_Kiri Kasama_Baturiya
JI1802,Jigawa_Kiri Kasama_Bulunchai
JI1803,Jigawa_Kiri Kasama_Fandum
JI1804,Jigawa_Kiri Kasama_Gayin
JI1805,Jigawa_Kiri Kasama_Kiri Kasamma
JI1806,Jigawa_Kiri Kasama_Madachi
JI1807,Jigawa_Kiri Kasama_Marma
JI1808,Jigawa_Kiri Kasama_Saleri
JI1809,Jigawa_Kiri Kasama_Tasheguwa
JI1810,Jigawa_Kiri Kasama_Turabu
JI1901,Jigawa_Kiyawa_Andaza
JI1902,Jigawa_Kiyawa_Balago
JI1903,Jigawa_Kiyawa_Fake
JI1904,Jigawa_Kiyawa_Garko
JI1905,Jigawa_Kiyawa_Katanga
JI1906,Jigawa_Kiyawa_Katuka
JI1907,Jigawa_Kiyawa_Kiyawa
JI1908,Jigawa_Kiyawa_Kwanda
JI1909,Jigawa_Kiyawa_Maje
JI1910,Jigawa_Kiyawa_Shuwarin
JI1911,Jigawa_Kiyawa_Tsirma
JI2001,Jigawa_Maigatari_Balarabe
JI2002,Jigawa_Maigatari_Dankumbo
JI2003,Jigawa_Maigatari_Fulata
JI2004,Jigawa_Maigatari_Galadi
JI2005,Jigawa_Maigatari_Jajeri
JI2006,Jigawa_Maigatari_Kukayasku
JI2007,Jigawa_Maigatari_Madana
JI2008,Jigawa_Maigatari_Maigatari Arewa
JI2009,Jigawa_Maigatari_Maigatari Kudu
JI2010,Jigawa_Maigatari_Matoya
JI2011,Jigawa_Maigatari_Turbus
JI2101,Jigawa_Malam Maduri_Arki
JI2102,Jigawa_Malam Maduri_Dunari
JI2103,Jigawa_Malam Maduri_Fataika
JI2104,Jigawa_Malam Maduri_Garun Gabas
JI2105,Jigawa_Malam Maduri_Mairakumi
JI2106,Jigawa_Malam Maduri_Malam Madori
JI2107,Jigawa_Malam Maduri_Makaddari
JI2108,Jigawa_Malam Maduri_Shaiya
JI2109,Jigawa_Malam Maduri_Tagoro
JI2110,Jigawa_Malam Maduri_Tashena
JI2111,Jigawa_Malam Maduri_Toni Kutara
JI2201,Jigawa_Miga_Dangyatin
JI2202,Jigawa_Miga_Garbo
JI2203,Jigawa_Miga_Gwari
JI2204,Jigawa_Miga_Hantsu
JI2205,Jigawa_Miga_Koya
JI2206,Jigawa_Miga_Miga
JI2209,Jigawa_Miga_Tsakuwawa
JI2210,Jigawa_Miga_Yanduna
JI2211,Jigawa_Miga_Zareku
JI2301,Jigawa_Ringim_Chaichai
JI2302,Jigawa_Ringim_Dabi
JI2303,Jigawa_Ringim_Kafin Babushe
JI2304,Jigawa_Ringim_Karshi
JI2305,Jigawa_Ringim_Kyarama
JI2306,Jigawa_Ringim_Ringim
JI2307,Jigawa_Ringim_Sankara
JI2308,Jigawa_Ringim_Sintilmawa
JI2309,Jigawa_Ringim_Tofa
JI2310,Jigawa_Ringim_Yandutse
JI2401,Jigawa_Roni_Amaryawa
JI2402,Jigawa_Roni_Baragumi
JI2403,Jigawa_Roni_Dansure
JI2404,Jigawa_Roni_Fara Barije
JI2405,Jigawa_Roni_Gora
JI2406,Jigawa_Roni_Kwaita
JI2407,Jigawa_Roni_Roni
JI2408,Jigawa_Roni_Sankau
JI2409,Jigawa_Roni_Tunas
JI2410,Jigawa_Roni_Yanzaki
JI2411,Jigawa_Roni_Zugai
JI2501,Jigawa_Sule Tankakar_Albasu
JI2502,Jigawa_Sule Tankakar_Amanga
JI2503,Jigawa_Sule Tankakar_Dangwanki
JI2504,Jigawa_Sule Tankakar_Danladi
JI2505,Jigawa_Sule Tankakar_Danzomo
JI2506,Jigawa_Sule Tankakar_Jeke
JI2507,Jigawa_Sule Tankakar_Shabaru
JI2508,Jigawa_Sule Tankakar_Sule Tankarkar
JI2509,Jigawa_Sule Tankakar_Takatsaba
JI2510,Jigawa_Sule Tankakar_Yandamo
JI2601,Jigawa_Taura_Ajaura
JI2602,Jigawa_Taura_Chukuto
JI2603,Jigawa_Taura_Chukwukwaiwa
JI2604,Jigawa_Taura_Gujungu
JI2605,Jigawa_Taura_Kiri
JI2606,Jigawa_Taura_Kwalam
JI2607,Jigawa_Taura_Maje
JI2608,Jigawa_Taura_Majia
JI2609,Jigawa_Taura_Sabon Gari
JI2610,Jigawa_Taura_Taura
JI2701,Jigawa_Yankwashi_Achilafiya
JI2702,Jigawa_Yankwashi_Belas
JI2703,Jigawa_Yankwashi_Dawan Gawo
JI2704,Jigawa_Yankwashi_Gurjiya
JI2705,Jigawa_Yankwashi_Gwarta
JI2706,Jigawa_Yankwashi_Karkarna
JI2707,Jigawa_Yankwashi_Kuda
JI2708,Jigawa_Yankwashi_Ringim
JI2709,Jigawa_Yankwashi_Yankwashi
JI2710,Jigawa_Yankwashi_Zungumba
JI0208,Jigawa_Babura_Kanya
JI0908,Jigawa_Gumel_Hammado
JI2207,Jigawa_Miga_Sabon Gari
JI2208,Jigawa_Miga_San Sani
KN0101,Kano_Ajingi_Ajingi
KN0102,Kano_Ajingi_Balare
KN0103,Kano_Ajingi_Chula
KN0104,Kano_Ajingi_Dabin-Kanawa
KN0105,Kano_Ajingi_Dundun
KN0106,Kano_Ajingi_Gafasa
KN0107,Kano_Ajingi_Gurduba
KN0108,Kano_Ajingi_Kunkun Rawa
KN0109,Kano_Ajingi_Toranke
KN0110,Kano_Ajingi_Unguwar Bai
KN0201,Kano_Albasu_Albasu Central
KN0202,Kano_Albasu_Bataiya
KN0203,Kano_Albasu_Daho
KN0204,Kano_Albasu_Duja
KN0205,Kano_Albasu_Fanda
KN0206,Kano_Albasu_Faragai
KN0207,Kano_Albasu_Gagarame
KN0208,Kano_Albasu_Hungu
KN0209,Kano_Albasu_Saya-Saya
KN0210,Kano_Albasu_Tsangaya
KN0301,Kano_Bagwai_Bagwai
KN0302,Kano_Bagwai_Dangada
KN0303,Kano_Bagwai_Gadanya
KN0304,Kano_Bagwai_Gogori
KN0305,Kano_Bagwai_Kiyawa
KN0306,Kano_Bagwai_Kwajali
KN0307,Kano_Bagwai_Rimin Dako
KN0308,Kano_Bagwai_Romo
KN0309,Kano_Bagwai_Sare-Sare
KN0310,Kano_Bagwai_Wuro Bagga
KN0311,Kano_Bagwai_Wuro Bagga 2
KN0401,Kano_Bebeji_Anadariya
KN0402,Kano_Bebeji_Baguda
KN0403,Kano_Bebeji_Bebeji
KN0404,Kano_Bebeji_Damau
KN0405,Kano_Bebeji_Durmawa
KN0406,Kano_Bebeji_Gargai
KN0407,Kano_Bebeji_Gwarmai
KN0408,Kano_Bebeji_Kofa
KN0409,Kano_Bebeji_Kuki
KN0410,Kano_Bebeji_Rahama
KN0411,Kano_Bebeji_Ranka
KN0412,Kano_Bebeji_Rantan
KN0413,Kano_Bebeji_Tariwa
KN0414,Kano_Bebeji_Wak
KN0501,Kano_Bichi_Badume
KN0502,Kano_Bichi_Bichi
KN0503,Kano_Bichi_Danzabuwa
KN0504,Kano_Bichi_Fagolo
KN0505,Kano_Bichi_Kau-Kau
KN0506,Kano_Bichi_Kwamarawa
KN0507,Kano_Bichi_Kyalli
KN0508,Kano_Bichi_Muntsira
KN0509,Kano_Bichi_Saye
KN0510,Kano_Bichi_Waire
KN0511,Kano_Bichi_Yallami
KN0601,Kano_Bunkure_Barkum
KN0602,Kano_Bunkure_Bono
KN0603,Kano_Bunkure_Bunkure
KN0604,Kano_Bunkure_Chirin
KN0605,Kano_Bunkure_Gafan
KN0606,Kano_Bunkure_Gurjiya
KN0607,Kano_Bunkure_Gwamma
KN0608,Kano_Bunkure_Kulluwa
KN0609,Kano_Bunkure_Kumurya
KN0610,Kano_Bunkure_Sanda
KN0801,Kano_Dambatta_Ajumawa
KN0802,Kano_Dambatta_Danbatta 1
KN0803,Kano_Dambatta_Danbatta 2
KN0804,Kano_Dambatta_Fagwalawa
KN0805,Kano_Dambatta_Goron Maje
KN0806,Kano_Dambatta_Gwanda
KN0807,Kano_Dambatta_Gwarabtawa
KN0808,Kano_Dambatta_Kore
KN0809,Kano_Dambatta_Saidawa
KN0810,Kano_Dambatta_San San
KN0901,Kano_Dawakin Kudu_Dabar Kwari
KN0902,Kano_Dawakin Kudu_Danbagina
KN0903,Kano_Dawakin Kudu_Dawaki
KN0904,Kano_Dawakin Kudu_Dawakiji
KN0905,Kano_Dawakin Kudu_Dosan
KN0906,Kano_Dawakin Kudu_Gano
KN0907,Kano_Dawakin Kudu_Gurjiya
KN0908,Kano_Dawakin Kudu_Jido
KN0909,Kano_Dawakin Kudu_Tanburawa
KN0910,Kano_Dawakin Kudu_Tsakuwa
KN0911,Kano_Dawakin Kudu_Unguwar Duniya
KN0912,Kano_Dawakin Kudu_Yan Barau
KN0913,Kano_Dawakin Kudu_Yankatsari
KN0914,Kano_Dawakin Kudu_Yargaya
KN0915,Kano_Dawakin Kudu_Zogarawa
KN1001,Kano_Dawakin Tofa_Danguguwa
KN1002,Kano_Dawakin Tofa_Dawaki East
KN1003,Kano_Dawakin Tofa_Dawaki West
KN1004,Kano_Dawakin Tofa_Dawanau
KN1005,Kano_Dawakin Tofa_Ganduje
KN1006,Kano_Dawakin Tofa_Gargari
KN1007,Kano_Dawakin Tofa_Jalli
KN1008,Kano_Dawakin Tofa_Tattarawa
KN1009,Kano_Dawakin Tofa_Marke
KN1010,Kano_Dawakin Tofa_Kwa
KN1011,Kano_Dawakin Tofa_Tumfafi
KN1101,Kano_Doguwa_Dadin Kowa
KN1102,Kano_Doguwa_Dogon Kawo
KN1103,Kano_Doguwa_Doguwa
KN1104,Kano_Doguwa_Falgore
KN1105,Kano_Doguwa_Maraku
KN1106,Kano_Doguwa_Ririwai
KN1107,Kano_Doguwa_Shere
KN1108,Kano_Doguwa_Tagwaye
KN1109,Kano_Doguwa_Unguwar Tsohuwa
KN1110,Kano_Doguwa_Zainabi
KN1301,Kano_Gabasawa_Gabasawa
KN1302,Kano_Gabasawa_Garun Danga
KN1303,Kano_Gabasawa_Joda
KN1304,Kano_Gabasawa_Karmami
KN1305,Kano_Gabasawa_Mekiya
KN1306,Kano_Gabasawa_Tarauni
KN1307,Kano_Gabasawa_Yautar Arewa
KN1308,Kano_Gabasawa_Yautar Kudu
KN1309,Kano_Gabasawa_Yumbu
KN1310,Kano_Gabasawa_Zakirai
KN1311,Kano_Gabasawa_Zugachi
KN1401,Kano_Garko_Dal
KN1402,Kano_Garko_Garin Ali
KN1403,Kano_Garko_Garko
KN1404,Kano_Garko_Gurjiya
KN1405,Kano_Garko_Kafin Malamai
KN1406,Kano_Garko_Katumari
KN1407,Kano_Garko_Kwas
KN1408,Kano_Garko_Raba
KN1409,Kano_Garko_Sarina
KN1410,Kano_Garko_Zakarawa
KN1501,Kano_Garum Mallam_Chiromawa
KN1502,Kano_Garum Mallam_Dakasoye
KN1503,Kano_Garum Mallam_Dorawar Sallau
KN1504,Kano_Garum Mallam_Fankurun
KN1505,Kano_Garum Mallam_Garun Babba
KN1506,Kano_Garum Mallam_Garun Malam
KN1507,Kano_Garum Mallam_Jobawa
KN1508,Kano_Garum Mallam_Kadawa
KN1509,Kano_Garum Mallam_Makwaro
KN1510,Kano_Garum Mallam_Yada Kwari
KN1601,Kano_Gaya_Balan
KN1602,Kano_Gaya_Gamarya
KN1603,Kano_Gaya_Gamoji
KN1604,Kano_Gaya_Gaya North
KN1605,Kano_Gaya_Gaya South
KN1606,Kano_Gaya_Kademi
KN1607,Kano_Gaya_Kazurewa
KN1608,Kano_Gaya_Maikamawa
KN1609,Kano_Gaya_Shagogo
KN1610,Kano_Gaya_Wudilawa
KN1701,Kano_Gezawa_Babawa
KN1702,Kano_Gezawa_Gawo
KN1703,Kano_Gezawa_Gezawa
KN1704,Kano_Gezawa_Jogana
KN1705,Kano_Gezawa_Ketawa
KN1706,Kano_Gezawa_Mesar Tudu
KN1707,Kano_Gezawa_Sararin Gezawa
KN1708,Kano_Gezawa_Tsamiya Babba
KN1709,Kano_Gezawa_Tumbau
KN1710,Kano_Gezawa_Wangara
KN1711,Kano_Gezawa_Zango
KN1901,Kano_Gwarzo_Gama'A
KN1902,Kano_Gwarzo_Getso
KN1903,Kano_Gwarzo_Gwarzo
KN1904,Kano_Gwarzo_Kara
KN1905,Kano_Gwarzo_Kutama
KN1906,Kano_Gwarzo_Lakwaya
KN1907,Kano_Gwarzo_Madadi
KN1908,Kano_Gwarzo_Mainika
KN1909,Kano_Gwarzo_Sabon Birni
KN1910,Kano_Gwarzo_Unguwar Tudu
KN2001,Kano_Kabo_Dugabau
KN2002,Kano_Kabo_Durun
KN2003,Kano_Kabo_Gamma
KN2004,Kano_Kabo_Garo
KN2005,Kano_Kabo_Godiya
KN2006,Kano_Kabo_Gude
KN2007,Kano_Kabo_Hawadin Galadima
KN2008,Kano_Kabo_Kabo
KN2009,Kano_Kabo_Kanwa
KN2010,Kano_Kabo_Masanawa
KN2201,Kano_Karaye_Daura
KN2202,Kano_Karaye_Kafin Dabga
KN2203,Kano_Karaye_Kurugu
KN2204,Kano_Karaye_Kwanyawa
KN2205,Kano_Karaye_Magajin Gari
KN2206,Kano_Karaye_Tudun Kaya
KN2207,Kano_Karaye_Turawa
KN2208,Kano_Karaye_Magajin Hajji
KN2209,Kano_Karaye_Yammedi
KN2210,Kano_Karaye_Yola
KN2211,Kano_Karaye_Daura 2
KN2301,Kano_Kibiya_Durba
KN2302,Kano_Kibiya_Fammar
KN2303,Kano_Kibiya_Fassi
KN2304,Kano_Kibiya_Kadigawa
KN2305,Kano_Kibiya_Kahu
KN2306,Kano_Kibiya_Nariya
KN2307,Kano_Kibiya_Kibiya 2
KN2308,Kano_Kibiya_Kibiya 1
KN2309,Kano_Kibiya_Tarai
KN2310,Kano_Kibiya_Unguwar Gai
KN2401,Kano_Kiru_Baawa
KN2402,Kano_Kiru_Badafi
KN2403,Kano_Kiru_Bauda
KN2404,Kano_Kiru_Dangora
KN2405,Kano_Kiru_Dansoshiya
KN2406,Kano_Kiru_Dashi
KN2407,Kano_Kiru_Galadimawa
KN2408,Kano_Kiru_Kiru
KN2409,Kano_Kiru_Kogo
KN2410,Kano_Kiru_Maraku
KN2411,Kano_Kiru_Bargoni
KN2412,Kano_Kiru_Tsaudawa
KN2413,Kano_Kiru_Yako
KN2414,Kano_Kiru_Yalwa
KN2415,Kano_Kiru_Zuwo
KN2601,Kano_Kunchi_Bumai
KN2602,Kano_Kunchi_Garun Sheme
KN2603,Kano_Kunchi_Gwarmai
KN2604,Kano_Kunchi_Kasuwar Kuka
KN2605,Kano_Kunchi_Kunchi
KN2606,Kano_Kunchi_Matan Fada
KN2607,Kano_Kunchi_Ridawa
KN2608,Kano_Kunchi_Shamakawa
KN2609,Kano_Kunchi_Shuwaki
KN2610,Kano_Kunchi_Yandadi
KN2701,Kano_Kura_Dalli
KN2702,Kano_Kura_Dan Hassan
KN2703,Kano_Kura_Dukawa
KN2704,Kano_Kura_Gundutse
KN2705,Kano_Kura_Karfi
KN2706,Kano_Kura_Kosawa
KN2707,Kano_Kura_Kura Sarki
KN2708,Kano_Kura_Kurun Sumau
KN2709,Kano_Kura_Rigar Duka
KN2710,Kano_Kura_Tanawa
KN2801,Kano_Madobi_Burji
KN2802,Kano_Madobi_Cinkoso
KN2803,Kano_Madobi_Galinja
KN2804,Kano_Madobi_Gora
KN2805,Kano_Madobi_Kakin Agur
KN2806,Kano_Madobi_Kanwa
KN2807,Kano_Madobi_Kauran Mata
KN2808,Kano_Madobi_Kubaraci
KN2809,Kano_Madobi_Kwankwaso
KN2810,Kano_Madobi_Madobi
KN2811,Kano_Madobi_Rikadawa
KN2812,Kano_Madobi_Yakun
KN2901,Kano_Makoda_Babbar Ruga
KN2902,Kano_Makoda_Durma
KN2903,Kano_Makoda_Jibga
KN2904,Kano_Makoda_Kadan Dani
KN2905,Kano_Makoda_Koguna
KN2906,Kano_Makoda_Kwanar Tabo
KN2907,Kano_Makoda_Maitsida
KN2908,Kano_Makoda_Makoda
KN2909,Kano_Makoda_Satame
KN2910,Kano_Makoda_Tangaji
KN2911,Kano_Makoda_Wailare
KN3001,Kano_Minjibir_Azore
KN3002,Kano_Minjibir_Gandurwawa
KN3003,Kano_Minjibir_Kantama
KN3004,Kano_Minjibir_Kunya
KN3005,Kano_Minjibir_Kuru
KN3006,Kano_Minjibir_Kwarkiya
KN3007,Kano_Minjibir_Minjibir
KN3008,Kano_Minjibir_Sarbi
KN3009,Kano_Minjibir_Tsakiya
KN3010,Kano_Minjibir_Tsakuwa
KN3011,Kano_Minjibir_Wasai
KN3201,Kano_Rano_Dawaki
KN3202,Kano_Rano_Lausu
KN3203,Kano_Rano_Madachi
KN3204,Kano_Rano_Rano
KN3205,Kano_Rano_Rurum-Sabon Gari
KN3206,Kano_Rano_Rurum Tsohon Gari
KN3207,Kano_Rano_Saji
KN3208,Kano_Rano_Yalwa
KN3209,Kano_Rano_Zinyau
KN3210,Kano_Rano_Zugur
KN3301,Kano_Rimin Gado_Butu-Butu
KN3302,Kano_Rimin Gado_Dawakin Gulu
KN3303,Kano_Rimin Gado_Doka Dawa
KN3304,Kano_Rimin Gado_Dugurawa
KN3305,Kano_Rimin Gado_Gulu
KN3306,Kano_Rimin Gado_Jili
KN3307,Kano_Rimin Gado_Karofin Yashi
KN3308,Kano_Rimin Gado_Rimin Gado
KN3309,Kano_Rimin Gado_Sakara Tsa
KN3310,Kano_Rimin Gado_Tamawa
KN3311,Kano_Rimin Gado_Yalwan Danziyal
KN3312,Kano_Rimin Gado_Zangon Dan Abdu
KN3401,Kano_Rogo_Beli
KN3402,Kano_Rogo_Falgore
KN3403,Kano_Rogo_Fulatan
KN3404,Kano_Rogo_Gwangwan
KN3405,Kano_Rogo_Jajaye
KN3406,Kano_Rogo_Rogo Ruma
KN3407,Kano_Rogo_Rogo Sabon Gari
KN3408,Kano_Rogo_Ruwan Bago
KN3409,Kano_Rogo_Zarewa
KN3410,Kano_Rogo_Zoza
KN3501,Kano_Shanono_Alajawa
KN3502,Kano_Shanono_Dutsen Bakoshi
KN3503,Kano_Shanono_Faruruwa
KN3504,Kano_Shanono_Goron Dutse
KN3505,Kano_Shanono_Kadamu
KN3506,Kano_Shanono_Kokiya
KN3507,Kano_Shanono_Leni
KN3508,Kano_Shanono_Shakogi
KN3509,Kano_Shanono_Shanono
KN3510,Kano_Shanono_Tsaure
KN3601,Kano_Sumaila_Gala
KN3602,Kano_Sumaila_Gani
KN3603,Kano_Sumaila_Garfa
KN3604,Kano_Sumaila_Gediya
KN3605,Kano_Sumaila_Kanawa
KN3606,Kano_Sumaila_Magami
KN3607,Kano_Sumaila_Masu
KN3608,Kano_Sumaila_Rimi
KN3609,Kano_Sumaila_Rumo
KN3610,Kano_Sumaila_Sitti
KN3611,Kano_Sumaila_Sumaila
KN3701,Kano_Takai_Bagwaro
KN3702,Kano_Takai_Durbunde
KN3703,Kano_Takai_Falali
KN3704,Kano_Takai_Fajewa
KN3705,Kano_Takai_Farun Ruwa
KN3706,Kano_Takai_Kachako
KN3707,Kano_Takai_Karfi
KN3708,Kano_Takai_Kuka
KN3709,Kano_Takai_Takai
KN3710,Kano_Takai_Zuga
KN3901,Kano_Tofa_Dandare
KN3902,Kano_Tofa_Doka
KN3903,Kano_Tofa_Gajida
KN3904,Kano_Tofa_Ginsawa
KN3905,Kano_Tofa_Janguza
KN3906,Kano_Tofa_Jauben Kudu
KN3907,Kano_Tofa_Kwami
KN3908,Kano_Tofa_Lambu
KN3909,Kano_Tofa_Langel
KN3910,Kano_Tofa_Tofa
KN3911,Kano_Tofa_Unguwar Rimi
KN3912,Kano_Tofa_Wangara
KN3913,Kano_Tofa_Yalwa Karama
KN3914,Kano_Tofa_Yanoko
KN3915,Kano_Tofa_Yarimawa
KN4001,Kano_Tsanyawa_Daddarawa
KN4002,Kano_Tsanyawa_Dunbulum
KN4003,Kano_Tsanyawa_Gozarki
KN4004,Kano_Tsanyawa_Gurun
KN4005,Kano_Tsanyawa_Kaba Giwa
KN4006,Kano_Tsanyawa_Tatsa
KN4007,Kano_Tsanyawa_Tsanyawa
KN4008,Kano_Tsanyawa_Yan Kamaye
KN4009,Kano_Tsanyawa_Yanganau
KN4010,Kano_Tsanyawa_Zarogi
KN4101,Kano_Tudun Wada_Baburi
KN4102,Kano_Tudun Wada_Burun-Burun
KN4103,Kano_Tudun Wada_Dalawa
KN4104,Kano_Tudun Wada_Jandutse
KN4105,Kano_Tudun Wada_Jita
KN4106,Kano_Tudun Wada_Karefa
KN4107,Kano_Tudun Wada_Nata-Ala
KN4108,Kano_Tudun Wada_Sabon Gari
KN4109,Kano_Tudun Wada_Shuwaki
KN4110,Kano_Tudun Wada_Tsohon Gari
KN4111,Kano_Tudun Wada_Yaryasa
KN4301,Kano_Warawa_Amarawa
KN4302,Kano_Warawa_Danlasan
KN4303,Kano_Warawa_Jemagu
KN4304,Kano_Warawa_Gogel
KN4305,Kano_Warawa_Imawa
KN4306,Kano_Warawa_Warawa
KN4307,Kano_Warawa_Garin Dau
KN4308,Kano_Warawa_Juma Galadima
KN4309,Kano_Warawa_Katar Kawa
KN4310,Kano_Warawa_Madari
KN4311,Kano_Warawa_Tamburawan Gabas
KN4312,Kano_Warawa_Tanagar
KN4313,Kano_Warawa_Yan Dala
KN4314,Kano_Warawa_Jigawa
KN4315,Kano_Warawa_Yangizo
KN4401,Kano_Wudil_Achika
KN4402,Kano_Wudil_Dagumawa
KN4403,Kano_Wudil_Dankaza
KN4404,Kano_Wudil_Darki
KN4405,Kano_Wudil_Indabo
KN4406,Kano_Wudil_Kausani
KN4407,Kano_Wudil_Lajawa
KN4408,Kano_Wudil_Sabon Gari
KN4409,Kano_Wudil_Utai
KN4410,Kano_Wudil_Wudil
KN1202,Kano_Fagge_Fagge B
KN1201,Kano_Fagge_Fagge A
KN1203,Kano_Fagge_Fagge C
KN1204,Kano_Fagge_Fagge D1
KN1208,Kano_Fagge_Saban Gari East
KN1205,Kano_Fagge_Fagge D2
KN1209,Kano_Fagge_Sabon Gari West
KN1207,Kano_Fagge_Rijiyar Lemo
KN1210,Kano_Fagge_Yammata
KN1206,Kano_Fagge_Kwachiri
KN0702,Kano_Dala_Bakin ruwa 1
KN0704,Kano_Dala_Dogon nama 1
KN0713,Kano_Dala_Bakin ruwa 2
KN0711,Kano_Dala_Madigawa
KN0701,Kano_Dala_Adakawa
KN0712,Kano_Dala_Yalawa
KN0708,Kano_Dala_Kantudu
KN0707,Kano_Dala_Kabuwaya
KN0709,Kano_Dala_Kofar Mazugal
KN0703,Kano_Dala_Dala
KN0706,Kano_Dala_Gwammaja
KN0710,Kano_Dala_Kofar ruwa
KN0705,Kano_Dala_Gobirawa
KN0714,Kano_Dala_Dogon nama 2
KN1803,Kano_Gwale_Dorayi
KN1802,Kano_Gwale_Diso
KN1806,Kano_Gwale_Gwale
KN1804,Kano_Gwale_Galadanchi
KN1810,Kano_Gwale_Sani Mai Nagge
KN1801,Kano_Gwale_Dandago
KN1811,Kano_Gwale_Goron Dutse 2
KN1809,Kano_Gwale_Mandawari
KN1807,Kano_Gwale_Gyaranya
KN1805,Kano_Gwale_Goron Dutse 1
KN1808,Kano_Gwale_Kabuga
KN2102,Kano_Kano Municipal_Dan Agundi
KN2110,Kano_Kano Municipal_Tudun Wazurchi
KN2108,Kano_Kano Municipal_She she
KN2107,Kano_Kano Municipal_Sharada
KN2103,Kano_Kano Municipal_Gandu Albasa
KN2105,Kano_Kano Municipal_Kan Karofi
KN2111,Kano_Kano Municipal_Yakasai
KN2106,Kano_Kano Municipal_Shahuchi
KN2101,Kano_Kano Municipal_Chedi
KN2109,Kano_Kano Municipal_Tudun Nufawa
KN2104,Kano_Kano Municipal_Jakara
KN2113,Kano_Kano Municipal_Zango
KN2112,Kano_Kano Municipal_Zaitawa
KN2507,Kano_Kumbotso_Kumbotso
KN2512,Kano_Kumbotso_Unguwar Rimi
KN2511,Kano_Kumbotso_Panshekara
KN2505,Kano_Kumbotso_Gurun Gawa 1
KN2510,Kano_Kumbotso_Naibawa
KN2501,Kano_Kumbotso_Chalawa
KN2508,Kano_Kumbotso_Kureken sani
KN2504,Kano_Kumbotso_Dan Maliki
KN2502,Kano_Kumbotso_Chiranchi
KN2506,Kano_Kumbotso_Gurun Gawa 2
KN2509,Kano_Kumbotso_Mariri
KN2503,Kano_Kumbotso_Danbare
KN3808,Kano_Tarauni_Unguwa Uku Cikin Gari
KN3810,Kano_Tarauni_Unguwar Gano
KN3802,Kano_Tarauni_Darmanawa
KN3809,Kano_Tarauni_Unguwa Uku Kauyen Alu
KN3805,Kano_Tarauni_Gyadi Gyadi Kudu
KN3803,Kano_Tarauni_Daurawa
KN3806,Kano_Tarauni_Hotoro NNPC
KN3801,Kano_Tarauni_Babban Giji
KN3804,Kano_Tarauni_Gyadi Gyadi Arewa
KN3807,Kano_Tarauni_Tarauni
KN4207,Kano_Ungongo_Rijiyar Zaki
KN4208,Kano_Ungongo_Tudun Fulani
KN4211,Kano_Ungongo_Zango
KN4201,Kano_Ungongo_Bachirawa
KN4206,Kano_Ungongo_Rangaza
KN4204,Kano_Ungongo_Kadawa
KN4210,Kano_Ungongo_Yada Kunya
KN4203,Kano_Ungongo_Gayawa
KN4202,Kano_Ungongo_Fanisau
KN4209,Kano_Ungongo_Ungogo
KN4205,Kano_Ungongo_Karo
KN3107,Kano_Nassarawa_Hotoro South
KN3104,Kano_Nassarawa_Giginyu
KN3106,Kano_Nassarawa_Hotoro North
KN3109,Kano_Nassarawa_Kawaji
KN3110,Kano_Nassarawa_Tudun Wada
KN3103,Kano_Nassarawa_Gawuna
KN3105,Kano_Nassarawa_Gwagwarwa
KN3101,Kano_Nassarawa_Dakata
KN3102,Kano_Nassarawa_Gama
KN3111,Kano_Nassarawa_Tudun Murtala
KN3108,Kano_Nassarawa_Kaura Goje
KN0715,Kano_Dala_Kabuwaya 2
KN4316,Kano_Warawa_Katar Kawa 2
KN3313,Kano_Rimin Gado_Zango 2
KN2912,Kano_Makoda_Jibga 2
KN2513,Kano_Kumbotso_Kureken Sani 2
40101,Katsina_Bakori_Bakori A
40102,Katsina_Bakori_Bakori B
40103,Katsina_Bakori_Barde Kwant.
40104,Katsina_Bakori_Dawa Musa
40105,Katsina_Bakori_Guga
40106,Katsina_Bakori_Jargaba
40107,Katsina_Bakori_Kabomo
40108,Katsina_Bakori_Kakumi
40109,Katsina_Bakori_Kandarawa
40110,Katsina_Bakori_Kurami Yank.
40111,Katsina_Bakori_Tsiga
40201,Katsina_Batagarawa_Ajiwa
40202,Katsina_Batagarawa_Bakiyawa
40203,Katsina_Batagarawa_Barawa
40204,Katsina_Batagarawa_Batagarawa
40205,Katsina_Batagarawa_Dabaibayawa
40206,Katsina_Batagarawa_Dandagoro
40207,Katsina_Batagarawa_Jino
40208,Katsina_Batagarawa_Kayauki
40209,Katsina_Batagarawa_Tsanni
40210,Katsina_Batagarawa_Yargamji
40301,Katsina_Batsari_A Kagara
40302,Katsina_Batsari_Batsari
40303,Katsina_Batsari_D M.Abu
40304,Katsina_Batsari_Dan-Alhaji Y
40305,Katsina_Batsari_Kandawa
40306,Katsina_Batsari_Karare
40307,Katsina_Batsari_Madogara
40308,Katsina_Batsari_Manawa
40309,Katsina_Batsari_Rumah
40310,Katsina_Batsari_Wagini
40311,Katsina_Batsari_Yau-Yau M
40401,Katsina_Baure_B Mutum
40402,Katsina_Baure_Baure
40403,Katsina_Baure_Dankum
40404,Katsina_Baure_Faski
40405,Katsina_Baure_Garki
40406,Katsina_Baure_Hui
40407,Katsina_Baure_Maibara
40408,Katsina_Baure_Muduri
40409,Katsina_Baure_Taramnawa
40410,Katsina_Baure_Ung. Rai
40411,Katsina_Baure_Yanduna
40412,Katsina_Baure_Yanmaulu
40501,Katsina_Bindawa_Baure
40502,Katsina_Bindawa_Bindawa
40503,Katsina_Bindawa_Dallaji
40504,Katsina_Bindawa_Doro
40505,Katsina_Bindawa_Gaiwa
40506,Katsina_Bindawa_Giremawa
40507,Katsina_Bindawa_Jibawa
40508,Katsina_Bindawa_Kamri
40509,Katsina_Bindawa_Shibdawa
40510,Katsina_Bindawa_Tama
40511,Katsina_Bindawa_Yangora
40601,Katsina_Charanchi_Banye
40602,Katsina_Charanchi_Charanchi
40603,Katsina_Charanchi_Doka
40604,Katsina_Charanchi_Ganuwa
40605,Katsina_Charanchi_Koda
40606,Katsina_Charanchi_Kuraye
40607,Katsina_Charanchi_Maje Mayya
40608,Katsina_Charanchi_Radda
40609,Katsina_Charanchi_Safana
40610,Katsina_Charanchi_Tsakatsa
40701,Katsina_Dandume_Dandume A
40702,Katsina_Dandume_Dandume B
40703,Katsina_Dandume_Dansoda
40704,Katsina_Dandume_Dantankari
40705,Katsina_Dandume_Magaji Wando
40706,Katsina_Dandume_Mahuta
40707,Katsina_Dandume_Mahuta A
40708,Katsina_Dandume_Mahuta B
40709,Katsina_Dandume_Maikwama
40710,Katsina_Dandume_Tumburkai A
40711,Katsina_Dandume_Tumburkai B
40801,Katsina_Danja_Dabai
40802,Katsina_Danja_Danja A
40803,Katsina_Danja_Danja B
40804,Katsina_Danja_Jiba
40805,Katsina_Danja_Kahuta A
40806,Katsina_Danja_Kahuta B
40807,Katsina_Danja_Tandama
40808,Katsina_Danja_Tsangamawa
40809,Katsina_Danja_Yakaji A
40810,Katsina_Danja_Yakaji B
40901,Katsina_Dan Musa_Dan Ali
40902,Katsina_Dan Musa_Dandire  A
40903,Katsina_Dan Musa_Dandire  B
40904,Katsina_Dan Musa_Danmusa  A
40905,Katsina_Dan Musa_Danmusa  B
40906,Katsina_Dan Musa_Maidabino A
40907,Katsina_Dan Musa_Maidabino B
40908,Katsina_Dan Musa_Mara A
40909,Katsina_Dan Musa_Mara B
40910,Katsina_Dan Musa_Yantumaki A
40911,Katsina_Dan Musa_Yantumaki B
41001,Katsina_Daura_Kusugu
41002,Katsina_Daura_Madobi A
41003,Katsina_Daura_Madobi B
41004,Katsina_Daura_Mazoji A
41005,Katsina_Daura_Mazoji B
41006,Katsina_Daura_S Yara A
41007,Katsina_Daura_S Yara B
41008,Katsina_Daura_Sabon Gari
41009,Katsina_Daura_Tudun Wada
41010,Katsina_Daura_Ubandawaki A
41011,Katsina_Daura_Ubandawaki B
41101,Katsina_Dutsi_Dan Aunai
41102,Katsina_Dutsi_Dutsi A
41103,Katsina_Dutsi_Dutsi B
41104,Katsina_Dutsi_Kayawa
41105,Katsina_Dutsi_R Kaya A
41106,Katsina_Dutsi_R Kaya B
41107,Katsina_Dutsi_Sirika A
41108,Katsina_Dutsi_Sirika B
41109,Katsina_Dutsi_Yamel A
41110,Katsina_Dutsi_Yamel B
41201,Katsina_Dutsin Ma_Bagaggadi
41202,Katsina_Dutsin Ma_Dabawa
41203,Katsina_Dutsin Ma_Dutsinma A
41204,Katsina_Dutsin Ma_Dutsinma B
41205,Katsina_Dutsin Ma_Karofi A
41206,Katsina_Dutsin Ma_Karofi B
41207,Katsina_Dutsin Ma_Kuki A
41208,Katsina_Dutsin Ma_Kuki B
41209,Katsina_Dutsin Ma_Kutawa
41210,Katsina_Dutsin Ma_Makera
41211,Katsina_Dutsin Ma_Shema
41301,Katsina_Faskari_Daudawa
41302,Katsina_Faskari_Faskari
41303,Katsina_Faskari_Mai Gora
41304,Katsina_Faskari_Mairua
41305,Katsina_Faskari_Ruwan Godiya
41306,Katsina_Faskari_Sabon Layi
41307,Katsina_Faskari_Sheme
41308,Katsina_Faskari_Tafoki
41309,Katsina_Faskari_Yankara
41310,Katsina_Faskari_Yar Malamai
41401,Katsina_Funtua_Anguwan Musa
41402,Katsina_Funtua_Anguwar Ibrahim
41403,Katsina_Funtua_Dandutse
41404,Katsina_Funtua_Dukke
41405,Katsina_Funtua_Goya
41406,Katsina_Funtua_Maigamji
41407,Katsina_Funtua_Makera
41408,Katsina_Funtua_Maska
41409,Katsina_Funtua_Nasarawa
41410,Katsina_Funtua_Sabon Gari
41411,Katsina_Funtua_Tudun Iya
41501,Katsina_Ingawa_Agayawa
41502,Katsina_Ingawa_Bareruwa
41503,Katsina_Ingawa_Dara
41504,Katsina_Ingawa_Daunaka
41505,Katsina_Ingawa_Dugul
41506,Katsina_Ingawa_Ingawa
41507,Katsina_Ingawa_Kandawa
41508,Katsina_Ingawa_Kurfeji
41509,Katsina_Ingawa_Manomawa
41510,Katsina_Ingawa_Yandoma
41511,Katsina_Ingawa_Yaya
41601,Katsina_Jibia_Bugaje
41602,Katsina_Jibia_Farfaru
41603,Katsina_Jibia_Faru
41604,Katsina_Jibia_Gangara
41605,Katsina_Jibia_Gurbi
41606,Katsina_Jibia_Jibia A
41607,Katsina_Jibia_Jibia B
41608,Katsina_Jibia_Kusa
41609,Katsina_Jibia_Mazanya
41610,Katsina_Jibia_Riko
41611,Katsina_Jibia_Yangayya
41701,Katsina_Kafur_Dantutture
41702,Katsina_Kafur_Dutsen Kura
41703,Katsina_Kafur_Gamzago
41704,Katsina_Kafur_Gozaki
41705,Katsina_Kafur_Kafur
41706,Katsina_Kafur_Kuringafa
41707,Katsina_Kafur_Mahuta
41708,Katsina_Kafur_Masari
41709,Katsina_Kafur_Rugoji
41710,Katsina_Kafur_S Kasa
41801,Katsina_Kaita_Abdallawa
41802,Katsina_Kaita_Baawa
41803,Katsina_Kaita_Dankaba
41804,Katsina_Kaita_Dankama
41805,Katsina_Kaita_Gafiya
41806,Katsina_Kaita_Girka
41807,Katsina_Kaita_Kaita
41808,Katsina_Kaita_Matsai
41809,Katsina_Kaita_Yandaki
41811,Katsina_Kaita_Yanhoho
41901,Katsina_Kankara_Burdugau
41902,Katsina_Kankara_Dan Murabu
41903,Katsina_Kankara_Gundawa
41904,Katsina_Kankara_Gurbi
41905,Katsina_Kankara_Kankara
41906,Katsina_Kankara_Ketare
41907,Katsina_Kankara_Kukasheka
41908,Katsina_Kankara_Mabai
41909,Katsina_Kankara_Yargoje
41910,Katsina_Kankara_Yartsamiya
41911,Katsina_Kankara_Zango
42001,Katsina_Kankia_Fakuwa K Dangi
42002,Katsina_Kankia_Gachi
42003,Katsina_Kankia_Galadima A
42004,Katsina_Kankia_Galadima B
42005,Katsina_Kankia_Kafinsoli
42006,Katsina_Kankia_Kunduru Gyaza
42007,Katsina_Kankia_Rimaye
42008,Katsina_Kankia_Sukuntuni
42009,Katsina_Kankia_Tafashiya Nasarawa
42010,Katsina_Kankia_Tsa Magam
42101,Katsina_Katsina_Arewa 1
42102,Katsina_Katsina_Arewa 2
42103,Katsina_Katsina_Gabas 1
42104,Katsina_Katsina_Gabas 2
42105,Katsina_Katsina_Gabas 3
42106,Katsina_Katsina_Kudu 1
42107,Katsina_Katsina_Kudu 2
42108,Katsina_Katsina_Kudu 3
42109,Katsina_Katsina_Shinkafi 1
42110,Katsina_Katsina_Shinkafi 2
42111,Katsina_Katsina_Yamma 1
42112,Katsina_Katsina_Yamma 2
42201,Katsina_Kurfi_Barkiya
42202,Katsina_Kurfi_Birchi
42203,Katsina_Kurfi_Kurfi B
42204,Katsina_Kurfi_Kurfi A
42205,Katsina_Kurfi_Rawayau A
42206,Katsina_Kurfi_Rawayau B
42207,Katsina_Kurfi_Tsauri A
42208,Katsina_Kurfi_Tsauri 'B'
42209,Katsina_Kurfi_Wurma  A
42210,Katsina_Kurfi_Wurma 'B'
42301,Katsina_Kusada_Bauranya
42302,Katsina_Kusada_Boko
42303,Katsina_Kusada_Duduni
42304,Katsina_Kusada_Kafarda
42305,Katsina_Kusada_Kaikai
42306,Katsina_Kusada_Kofa
42307,Katsina_Kusada_Kusada
42308,Katsina_Kusada_Mawashi
42309,Katsina_Kusada_Yashe A
42310,Katsina_Kusada_Yashe B
42401,Katsina_Mai'Adua_Bumbum A
42402,Katsina_Mai'Adua_Bumbum B
42403,Katsina_Mai'Adua_Danyashe
42404,Katsina_Mai'Adua_Koza
42405,Katsina_Mai'Adua_Mai'Adua A
42406,Katsina_Mai'Adua_Mai'Adua B
42407,Katsina_Mai'Adua_Mai'Adua C
42408,Katsina_Mai'Adua_Maikoni A
42409,Katsina_Mai'Adua_Maikoni B
42410,Katsina_Mai'Adua_Natsalle
42501,Katsina_Malumfashi_Borindawa
42502,Katsina_Malumfashi_Dansarai
42503,Katsina_Malumfashi_Dayi
42504,Katsina_Malumfashi_Gora Dan Saka
42505,Katsina_Malumfashi_Karfi
42506,Katsina_Malumfashi_Makaurachi
42507,Katsina_Malumfashi_Malumfashi A
42508,Katsina_Malumfashi_Malumfashi B
42509,Katsina_Malumfashi_Na_Alma
42510,Katsina_Malumfashi_Ruwan Sanyi
42511,Katsina_Malumfashi_Yaba
42512,Katsina_Malumfashi_Yarmama
42601,Katsina_Mani_Bagiwa
42602,Katsina_Mani_Bujawa Gewayau
42603,Katsina_Mani_Duwan Makau
42604,Katsina_Mani_Hamcheta
42605,Katsina_Mani_Jani
42606,Katsina_Mani_Kwatta
42607,Katsina_Mani_Machika
42608,Katsina_Mani_Magami
42609,Katsina_Mani_Mani
42610,Katsina_Mani_Muduru
42611,Katsina_Mani_T Takusheyi
42701,Katsina_Mashi_Bamle
42702,Katsina_Mashi_Doguru A
42703,Katsina_Mashi_Doguru B
42704,Katsina_Mashi_Gallu
42705,Katsina_Mashi_Gana Jigawa
42706,Katsina_Mashi_Karau
42707,Katsina_Mashi_Majigiri
42708,Katsina_Mashi_Mashi
42709,Katsina_Mashi_Sonkaya
42710,Katsina_Mashi_Tamilo A
42711,Katsina_Mashi_Tamilo B
42801,Katsina_Matazu_Dissi
42802,Katsina_Matazu_Gwarjo
42803,Katsina_Matazu_Karaduwa
42804,Katsina_Matazu_Kogari
42805,Katsina_Matazu_Matazu A
42806,Katsina_Matazu_Matazu B
42807,Katsina_Matazu_Mazoji A
42808,Katsina_Matazu_Mazoji B
42809,Katsina_Matazu_Rinjin Idi
42810,Katsina_Matazu_Sayaya
42901,Katsina_Musawa_Dangani
42902,Katsina_Musawa_Danjanku
42903,Katsina_Musawa_Garu
42904,Katsina_Musawa_Gingin
42905,Katsina_Musawa_Jikamshi
42906,Katsina_Musawa_Kira
42907,Katsina_Musawa_Kurkujan A
42908,Katsina_Musawa_Kurkujan B
42909,Katsina_Musawa_Musawa
42910,Katsina_Musawa_Tabanni
42911,Katsina_Musawa_Tuge
43001,Katsina_Rimi_Abukur
43002,Katsina_Rimi_Fardami
43003,Katsina_Rimi_Iyatawa
43004,Katsina_Rimi_Kadandani
43006,Katsina_Rimi_Maje Karare
43007,Katsina_Rimi_Mogabo Kurabo
43008,Katsina_Rimi_Rimi
43010,Katsina_Rimi_Sabon Gari
43011,Katsina_Rimi_Tsagero
43101,Katsina_Sabuwa_D Muazu
43102,Katsina_Sabuwa_Damari
43103,Katsina_Sabuwa_Gamji
43104,Katsina_Sabuwa_Gazari
43105,Katsina_Sabuwa_Machika
43106,Katsina_Sabuwa_Maibakko
43107,Katsina_Sabuwa_Rafin Iwa
43108,Katsina_Sabuwa_Sabuwa A
43109,Katsina_Sabuwa_Sabuwa B
43110,Katsina_Sabuwa_Sayau
43201,Katsina_Safana_Babban Duhu  A
43202,Katsina_Safana_Babban Duhu  B
43203,Katsina_Safana_Baure A
43204,Katsina_Safana_Baure B
43205,Katsina_Safana_Runka  A
43206,Katsina_Safana_Runka  B
43207,Katsina_Safana_Safana
43208,Katsina_Safana_Tsaskiya
43209,Katsina_Safana_Zakka A
43210,Katsina_Safana_Zakka B
43301,Katsina_Sandamu_Daneji A
43302,Katsina_Sandamu_Daneji B
43303,Katsina_Sandamu_Fago A
43304,Katsina_Sandamu_Fago B
43305,Katsina_Sandamu_Kagare
43306,Katsina_Sandamu_Karkarku
43307,Katsina_Sandamu_Katsayal
43308,Katsina_Sandamu_Kwasarawa
43309,Katsina_Sandamu_Rade A
43310,Katsina_Sandamu_Rade B
43311,Katsina_Sandamu_Sandamu
43401,Katsina_Zango_Dargaje
43402,Katsina_Zango_Garni
43403,Katsina_Zango_Gwamba
43404,Katsina_Zango_K Kudi
43405,Katsina_Zango_K Malamai
43406,Katsina_Zango_Kande
43407,Katsina_Zango_Rogogo
43408,Katsina_Zango_Sara
43409,Katsina_Zango_Yardaje
43410,Katsina_Zango_Zango
43005,Katsina_Rimi_Makurda
50203,Kebbi_Arewa Dandi_Biu
50201,Kebbi_Arewa Dandi_Bachaka
50202,Kebbi_Arewa Dandi_Chibike
50205,Kebbi_Arewa Dandi_Falde
50206,Kebbi_Arewa Dandi_Feske Jaffeji
50207,Kebbi_Arewa Dandi_Gumumdai Rafin Tsaka
50208,Kebbi_Arewa Dandi_Kangiwa
50209,Kebbi_Arewa Dandi_Lema Jantullu
50210,Kebbi_Arewa Dandi_Sarka Dantsoho
50211,Kebbi_Arewa Dandi_Yeldu
50301,Kebbi_Argungu_Alwasa Gotomo
50302,Kebbi_Argungu_Dikko
50303,Kebbi_Argungu_Felande
50304,Kebbi_Argungu_Galadima
50305,Kebbi_Argungu_Gulma
50306,Kebbi_Argungu_Gwazange Kisawa U Gyaga
50409,Kebbi_Augie_Tiggi Awade
50309,Kebbi_Argungu_Lailaba
50310,Kebbi_Argungu_Sauwa Kaurar Sani
50311,Kebbi_Argungu_Tungar Zazzagawa Rumbuki Sarkawa
50501,Kebbi_Bagudo_Bagudo Tuga
50502,Kebbi_Bagudo_Bahindi Khaliel
50503,Kebbi_Bagudo_Bani Tsamiya Kali
50504,Kebbi_Bagudo_Illo Sabon Gari Yantau
50505,Kebbi_Bagudo_Kaoje Gwamba
50506,Kebbi_Bagudo_Kende Kurgu
50507,Kebbi_Bagudo_Lafagu Gante
50508,Kebbi_Bagudo_Lolo Giris
50509,Kebbi_Bagudo_Matsinkai Geza
50510,Kebbi_Bagudo_Sharabi Kwanguwai
50511,Kebbi_Bagudo_Zagga Kwasara
50612,Kebbi_Birnin Kebbi_Nassarawa I
50607,Kebbi_Birnin Kebbi_Kola Tarasa
50702,Kebbi_Bunza_Bunza Dangaladima
50703,Kebbi_Bunza_Gwade
50706,Kebbi_Bunza_Sabon Birni
50707,Kebbi_Bunza_Salwai
50708,Kebbi_Bunza_Tilli Hilema
50709,Kebbi_Bunza_Tunga
50801,Kebbi_Dandi_Bani Zumbu
50802,Kebbi_Dandi_Buma
50803,Kebbi_Dandi_Dolekaina
50804,Kebbi_Dandi_Fana
50805,Kebbi_Dandi_Maihausawa
50808,Kebbi_Dandi_Kyangakwai
50807,Kebbi_Dandi_Geza
50809,Kebbi_Dandi_Kwakkwaba
50810,Kebbi_Dandi_Maigwaza
50811,Kebbi_Dandi_Shiko
50901,Kebbi_Fakai_Bajida
50902,Kebbi_Fakai_Bangu Garinisah
50903,Kebbi_Fakai_Birnin Tudu
50904,Kebbi_Fakai_Mahuta
50905,Kebbi_Fakai_Gulbin Kuka Maijarhula
50906,Kebbi_Fakai_Inga Bulu Maikende
50907,Kebbi_Fakai_Kangi
50908,Kebbi_Fakai_Fakai Zussun
50909,Kebbi_Fakai_Marafa
50910,Kebbi_Fakai_Penin Amana Penin Gaba
51001,Kebbi_Gwandu_Cheberu Bada
51009,Kebbi_Gwandu_Maruda
51102,Kebbi_Jega_Dangamaji
51103,Kebbi_Jega_Dunbegu Basaura
51104,Kebbi_Jega_Gindi Nassarawa Kyarmi Galbi
51105,Kebbi_Jega_Jandutsi Birnin Malam
50107,Kebbi_Aleiro_Jiga Makera
51106,Kebbi_Jega_Jega Magaji 'B'
51110,Kebbi_Jega_Katanga Fagada
51111,Kebbi_Jega_Kimba
51202,Kebbi_Kalgo_Dangoma Gayi
51204,Kebbi_Kalgo_Etene
51205,Kebbi_Kalgo_Kalgo
51206,Kebbi_Kalgo_Kuka
51207,Kebbi_Kalgo_Mutubari Banganna
51208,Kebbi_Kalgo_Nayilwa
51209,Kebbi_Kalgo_Wurogauri
51210,Kebbi_Kalgo_Zuguru
51301,Kebbi_Koko-Besse_Koko Magaji
51302,Kebbi_Koko-Besse_Illela Sabon Gari
51303,Kebbi_Koko-Besse_Koko Fircin
51304,Kebbi_Koko-Besse_Dada Alelu
51305,Kebbi_Koko-Besse_Jadadi
51306,Kebbi_Koko-Besse_Lani Manyan Tafukka Shiba
51307,Kebbi_Koko-Besse_Besse
51308,Kebbi_Koko-Besse_Takware
51309,Kebbi_Koko-Besse_Dutsin Mari Dulmeru
51310,Kebbi_Koko-Besse_Zariya Kalakala Amiru
51311,Kebbi_Koko-Besse_Maddaci Hirini
51312,Kebbi_Koko-Besse_Maikwari Karamar Damba
51401,Kebbi_Maiyama_Andarai
51402,Kebbi_Maiyama_Giwa Tazo Zara
51403,Kebbi_Maiyama_Gumbin Kure Gamjeji
51404,Kebbi_Maiyama_S Sara Kamba
51406,Kebbi_Maiyama_Kuberi Gidiga
51407,Kebbi_Maiyama_Liba Danwa Kuka Kogo
51408,Kebbi_Maiyama_Maiyama
51409,Kebbi_Maiyama_Mungadi
51411,Kebbi_Maiyama_Sarandosa Gubba
51410,Kebbi_Maiyama_S Mayalo
51501,Kebbi_Ngaski_Birnin Yauri
51502,Kebbi_Ngaski_Gafara Machupa
51503,Kebbi_Ngaski_Garin Baka Makirin
51504,Kebbi_Ngaski_Kwakwaran
51505,Kebbi_Ngaski_Libata Kwanga
51506,Kebbi_Ngaski_Kambuwa Danmaraya
51507,Kebbi_Ngaski_Makawa Ulera
51508,Kebbi_Ngaski_Ngaski
51509,Kebbi_Ngaski_Utono Hoge
51510,Kebbi_Ngaski_Wara
51601,Kebbi_Sakaba_Adai
51602,Kebbi_Sakaba_Dankolo
51603,Kebbi_Sakaba_Doka Bere
51604,Kebbi_Sakaba_Gelwasa
51605,Kebbi_Sakaba_Janbirni
51607,Kebbi_Sakaba_Makuku
51608,Kebbi_Sakaba_Sakaba
51606,Kebbi_Sakaba_Maza Maza
51609,Kebbi_Sakaba_Tudun Kuka
51610,Kebbi_Sakaba_Fada
51701,Kebbi_Shanga_Atuwa
51702,Kebbi_Shanga_Binuwa Gebbe Bukunji
51703,Kebbi_Shanga_Dugu Tsoho Dugu Raha
51704,Kebbi_Shanga_Kawara Ingu Sargo
51705,Kebbi_Shanga_Rafin Kirya Tefki Tara
51706,Kebbi_Shanga_Sakace
51707,Kebbi_Shanga_Sawashi
51708,Kebbi_Shanga_Shanga
51709,Kebbi_Shanga_Takware
51710,Kebbi_Shanga_Yarbesse
51801,Kebbi_Suru_Aljannare
51802,Kebbi_Suru_Bandan
51803,Kebbi_Suru_Barbarejo
51804,Kebbi_Suru_Bakuwai
51805,Kebbi_Suru_Dakin Gari
51806,Kebbi_Suru_Dendane
51807,Kebbi_Suru_Dandiya Shema
51808,Kebbi_Suru_Ginga
51809,Kebbi_Suru_Giro
51810,Kebbi_Suru_Kwaifa
51811,Kebbi_Suru_Suru
51901,Kebbi_Wasagu-Danko_Ayu
51902,Kebbi_Wasagu-Danko_Bena
51903,Kebbi_Wasagu-Danko_Dan Umaru Mairairai
51904,Kebbi_Wasagu-Danko_Danko Maga
51905,Kebbi_Wasagu-Danko_Kanya
51906,Kebbi_Wasagu-Danko_Kyabu Kandu
51907,Kebbi_Wasagu-Danko_Ribah Machika
51908,Kebbi_Wasagu-Danko_Waje
51909,Kebbi_Wasagu-Danko_Wasagu
51910,Kebbi_Wasagu-Danko_Yalmo Shindi Wari
51911,Kebbi_Wasagu-Danko_Gwanfi Kele
52001,Kebbi_Yauri_Chulu Koma
52002,Kebbi_Yauri_Gungun Sarki
52003,Kebbi_Yauri_Jijima
52005,Kebbi_Yauri_Yelwa Central
52006,Kebbi_Yauri_Yelwa East
52007,Kebbi_Yauri_Yelwa North
52008,Kebbi_Yauri_Yelwa South
52009,Kebbi_Yauri_Yelwa West
52010,Kebbi_Yauri_Zamare
52101,Kebbi_Zuru_Bedi
52102,Kebbi_Zuru_Ciroman Dabai
52103,Kebbi_Zuru_Isgogo Dago
52104,Kebbi_Zuru_Manga Ushe
52105,Kebbi_Zuru_Rafin Zuru
52106,Kebbi_Zuru_Rikoto
52107,Kebbi_Zuru_Rumu Daben Seme
52108,Kebbi_Zuru_Senchi
52109,Kebbi_Zuru_Tadurga
52110,Kebbi_Zuru_Zodi
51405,Kebbi_Maiyama_Karaye
52004,Kebbi_Yauri_Tondi
50601,Kebbi_Birnin Kebbi_Ambursa
50602,Kebbi_Birnin Kebbi_Dangaladima
50603,Kebbi_Birnin Kebbi_G Gaji
50606,Kebbi_Birnin Kebbi_Kardi
50613,Kebbi_Birnin Kebbi_Nassarawa II
50614,Kebbi_Birnin Kebbi_Ujariyo
50615,Kebbi_Birnin Kebbi_Zauro
50611,Kebbi_Birnin Kebbi_Maurida
50610,Kebbi_Birnin Kebbi_Marafa
50609,Kebbi_Birnin Kebbi_Makera
50608,Kebbi_Birnin Kebbi_Lagga
50604,Kebbi_Birnin Kebbi_Gawasu Demana
50204,Kebbi_Arewa Dandi_Gorun Dikko
50101,Kebbi_Aleiro_Aliero  Dangaladima I
50103,Kebbi_Aleiro_Aliero S Fada I
50104,Kebbi_Aleiro_Aliero S Fada II
50105,Kebbi_Aleiro_Danwarai
51107,Kebbi_Jega_Jega Kokani
50108,Kebbi_Aleiro_Rafin Bauna
50106,Kebbi_Aleiro_Jiga Birni
51004,Kebbi_Gwandu_Gulmare
50111,Kebbi_Aleiro_Kashin Zama
50109,Kebbi_Aleiro_Sabiyal
50401,Kebbi_Augie_Augie North
50402,Kebbi_Augie_Augie South
50406,Kebbi_Augie_Birnin Tudu Gudale
50403,Kebbi_Augie_Bagaye Mera
50404,Kebbi_Augie_Bayawa North
50405,Kebbi_Augie_Bayawa South
50408,Kebbi_Augie_Bubuche
50407,Kebbi_Augie_Kwaido
50308,Kebbi_Argungu_Kokani South
50307,Kebbi_Argungu_Kokani North
50410,Kebbi_Augie_Yola
51002,Kebbi_Gwandu_Dalijan
51003,Kebbi_Gwandu_Dodoru
51005,Kebbi_Gwandu_Gwandu Marafa
51006,Kebbi_Gwandu_Gwandu D Galadima
51007,Kebbi_Gwandu_Kambaza
51008,Kebbi_Gwandu_Malisa
51010,Kebbi_Gwandu_Masama
50806,Kebbi_Dandi_Kamba-Kamba
50704,Kebbi_Bunza_Maidahini
50701,Kebbi_Bunza_Bunza Marafa
50705,Kebbi_Bunza_Raha
51203,Kebbi_Kalgo_Diggi
51201,Kebbi_Kalgo_Hirishi
50102,Kebbi_Aleiro_Aliero  Dangaladima II
51101,Kebbi_Jega_Alelu
51108,Kebbi_Jega_Jega Magaji 'A'
51109,Kebbi_Jega_Firchin
60101,Sokoto_Binji_Binji
60102,Sokoto_Binji_Bunkari
60103,Sokoto_Binji_Gawazai
60104,Sokoto_Binji_Inname
60105,Sokoto_Binji_Jamali
60106,Sokoto_Binji_Maikulki
60107,Sokoto_Binji_Samama
60108,Sokoto_Binji_Soron Gabas
60109,Sokoto_Binji_Soron Yamma
60110,Sokoto_Binji_Tudun Kose
60201,Sokoto_Bodinga_Badau Darhela
60202,Sokoto_Bodinga_Bagarawa
60203,Sokoto_Bodinga_Bangi Dabaga
60204,Sokoto_Bodinga_Bodinga Tauma
60205,Sokoto_Bodinga_Danchadi
60210,Sokoto_Bodinga_Dingyadi
60206,Sokoto_Bodinga_Kaura Miyo
60207,Sokoto_Bodinga_Kwacciyar Lalle
60208,Sokoto_Bodinga_Sifawa Lukuyawa
60209,Sokoto_Bodinga_Takatuku Madorawa
60211,Sokoto_Bodinga_Tulluwa
60301,Sokoto_Dange-Shuni_Bodai
60302,Sokoto_Dange-Shuni_Dange
60303,Sokoto_Dange-Shuni_Fajaldu
60304,Sokoto_Dange-Shuni_Gajara Ge Ere
60305,Sokoto_Dange-Shuni_Rikina
60306,Sokoto_Dange-Shuni_Rudu  Aman Awa
60307,Sokoto_Dange-Shuni_R Gidado
60308,Sokoto_Dange-Shuni_Shuni
60309,Sokoto_Dange-Shuni_Tsafanade
60310,Sokoto_Dange-Shuni_Tuntube Tsefe
60311,Sokoto_Dange-Shuni_Wababe  Salau
60401,Sokoto_Gada_Dukamaje
60402,Sokoto_Gada_Gada
60403,Sokoto_Gada_Gilbadi
60404,Sokoto_Gada_Kadadi
60405,Sokoto_Gada_Kaffe
60406,Sokoto_Gada_Kyadawa Holai
60407,Sokoto_Gada_Tsitse
60408,Sokoto_Gada_Kaddi
60409,Sokoto_Gada_Kwarma
60410,Sokoto_Gada_Kadassaka
60411,Sokoto_Gada_Kiri
60501,Sokoto_Goronyo_Birjingo
60502,Sokoto_Goronyo_Boyekai
60503,Sokoto_Goronyo_Giyawa
60504,Sokoto_Goronyo_Goronyo
60505,Sokoto_Goronyo_Kagara
60506,Sokoto_Goronyo_Kojiyo
60507,Sokoto_Goronyo_Kwakwazo
60508,Sokoto_Goronyo_Rimawa
60509,Sokoto_Goronyo_S G Dole
60510,Sokoto_Goronyo_Shinaka
60511,Sokoto_Goronyo_Takakume
60601,Sokoto_Gudu_Awilkiti
60602,Sokoto_Gudu_Bachaka
60603,Sokoto_Gudu_Balle
60604,Sokoto_Gudu_Chilas
60605,Sokoto_Gudu_Gwazange
60606,Sokoto_Gudu_Karfe Sarki
60607,Sokoto_Gudu_Karfe Chana
60608,Sokoto_Gudu_Kurdula
60609,Sokoto_Gudu_Marake
60610,Sokoto_Gudu_Tullun Doya
60701,Sokoto_Gwadabawa_Asara
60702,Sokoto_Gwadabawa_Atakwanyo
60703,Sokoto_Gwadabawa_Chimola
60704,Sokoto_Gwadabawa_Gidan Kaya
60705,Sokoto_Gwadabawa_Gigane
60706,Sokoto_Gwadabawa_Gwadabawa
60707,Sokoto_Gwadabawa_Huchi
60709,Sokoto_Gwadabawa_Mammande
60711,Sokoto_Gwadabawa_Tambagarka
60708,Sokoto_Gwadabawa_Mamman Suka
60801,Sokoto_Illela_Araba
60811,Sokoto_Illela_Darna Tsolawo
60802,Sokoto_Illela_Damba
60803,Sokoto_Illela_Darna Sabon Gari
60804,Sokoto_Illela_Garu
60805,Sokoto_Illela_Gidan Hamma
60806,Sokoto_Illela_Gidan Katta
60807,Sokoto_Illela_Illela
60808,Sokoto_Illela_Kalmalo
60809,Sokoto_Illela_Rungumawa Gatti
60810,Sokoto_Illela_Tozai
60901,Sokoto_Isa_Gebe A
60902,Sokoto_Isa_Gebe B
60903,Sokoto_Isa_Bargaja
60904,Sokoto_Isa_Isa South
60905,Sokoto_Isa_Isa North
60906,Sokoto_Isa_Tsabre
60907,Sokoto_Isa_Turba
60908,Sokoto_Isa_Tozai
60909,Sokoto_Isa_Yanfako
60910,Sokoto_Isa_Tidibali
61001,Sokoto_Kebbe_Fakku
61002,Sokoto_Kebbe_Girkau
61003,Sokoto_Kebbe_Kebbe East
61004,Sokoto_Kebbe_Kebbe West
61005,Sokoto_Kebbe_Kuchi
61006,Sokoto_Kebbe_Margai East
61007,Sokoto_Kebbe_Margai West
61008,Sokoto_Kebbe_Nasagudu
61009,Sokoto_Kebbe_Sangi
61010,Sokoto_Kebbe_Ungushi
61101,Sokoto_Kware_Bankanu
61102,Sokoto_Kware_Bansan Lemi
61103,Sokoto_Kware_Durbawa
61104,Sokoto_Kware_Gandu
61105,Sokoto_Kware_Hammaali
61106,Sokoto_Kware_Kabanga
61107,Sokoto_Kware_Kware
61108,Sokoto_Kware_Kware Gidan Rugga
61109,Sokoto_Kware_Sabon Birni
61110,Sokoto_Kware_Tsaki Walakhe
61111,Sokoto_Kware_Tunga Mallamawa
61201,Sokoto_Rabah_Gandi  I
61202,Sokoto_Rabah_Gandi  II
61203,Sokoto_Rabah_Goddodi
61204,Sokoto_Rabah_Kurya
61205,Sokoto_Rabah_Maikujera
61206,Sokoto_Rabah_Rabah
61207,Sokoto_Rabah_Rarah
61208,Sokoto_Rabah_Tofa
61209,Sokoto_Rabah_Tursa
61210,Sokoto_Rabah_Yarstakuwa
61302,Sokoto_Sabon Birni_Gatawa
61303,Sokoto_Sabon Birni_Kalgo
61304,Sokoto_Sabon Birni_Kurawa
61305,Sokoto_Sabon Birni_Lajinge
61306,Sokoto_Sabon Birni_Makuwana
61307,Sokoto_Sabon Birni_Sabon Birni
61308,Sokoto_Sabon Birni_Takatsaba
61309,Sokoto_Sabon Birni_Tarah
61310,Sokoto_Sabon Birni_Tsamaye
61311,Sokoto_Sabon Birni_Unguwar Lalle
61401,Sokoto_Shagari_Dandin Mahe
61402,Sokoto_Shagari_Gangan
61403,Sokoto_Shagari_Jaredi
61404,Sokoto_Shagari_Horo
61405,Sokoto_Shagari_Kajiji
61406,Sokoto_Shagari_Kambama
61407,Sokoto_Shagari_Lambara
61408,Sokoto_Shagari_Mandera
61409,Sokoto_Shagari_Sanyinnawal
61410,Sokoto_Shagari_Shagari
61501,Sokoto_Silame_Gande
61502,Sokoto_Silame_Katami North
61503,Sokoto_Silame_Labani
61504,Sokoto_Silame_Marafa
61505,Sokoto_Silame_Silame
61506,Sokoto_Silame_Maje
61507,Sokoto_Silame_Katami South
61508,Sokoto_Silame_Gaukai
61509,Sokoto_Silame_Jekanadu
61510,Sokoto_Silame_Kubodu
61601,Sokoto_Sokoto North_S Adar Gandu
61602,Sokoto_Sokoto North_S Adar Gidan Igwai
61603,Sokoto_Sokoto North_Sarkin Musulmi A
61604,Sokoto_Sokoto North_Sarkin Musulmi B
61605,Sokoto_Sokoto North_Magajin Gari A
61606,Sokoto_Sokoto North_Magajin Gari B
61607,Sokoto_Sokoto North_Magajin Rafi A
61608,Sokoto_Sokoto North_Magajin Rafi B
61609,Sokoto_Sokoto North_Waziri A
61610,Sokoto_Sokoto North_Waziri B
61611,Sokoto_Sokoto North_Waziri C
61701,Sokoto_Sokoto South_Gagi A
61702,Sokoto_Sokoto South_Gagi B
61703,Sokoto_Sokoto South_Gagi C
61704,Sokoto_Sokoto South_Rijia A
61705,Sokoto_Sokoto South_Rijia B
61706,Sokoto_Sokoto South_S Addar A
61707,Sokoto_Sokoto South_S Addar B
61708,Sokoto_Sokoto South_Sarkin Zamfara A
61709,Sokoto_Sokoto South_Sarkin Zamfara B
61710,Sokoto_Sokoto South_Tudun Wada A
61711,Sokoto_Sokoto South_Tudun Wada B
61801,Sokoto_Tambuwal_Bagida
61802,Sokoto_Tambuwal_Barkeji Nabaguda
61803,Sokoto_Tambuwal_Bashire Maikada
61804,Sokoto_Tambuwal_Dogon Daji
61805,Sokoto_Tambuwal_Faga Alasan
61806,Sokoto_Tambuwal_Jabo Kagara
61807,Sokoto_Tambuwal_Romo Sarki
61808,Sokoto_Tambuwal_Sabon Birni
61809,Sokoto_Tambuwal_Saidal Goshe
61810,Sokoto_Tambuwal_Sanyinna
61811,Sokoto_Tambuwal_Tambuwal
61901,Sokoto_Tangaza_Gidan Madi
61902,Sokoto_Tangaza_Kalanjeni
61903,Sokoto_Tangaza_Kwacce Huru
61904,Sokoto_Tangaza_Magonho
61905,Sokoto_Tangaza_Raka
61906,Sokoto_Tangaza_Ruwa Wuri
61907,Sokoto_Tangaza_Sakkwai
61908,Sokoto_Tangaza_Salewa
61909,Sokoto_Tangaza_Sutti
61910,Sokoto_Tangaza_Tangaza
62001,Sokoto_Tureta_Dan Gulbi
62002,Sokoto_Tureta_Duma
62003,Sokoto_Tureta_Furagike
62004,Sokoto_Tureta_Gidan Kare
62005,Sokoto_Tureta_Kuruwa
62006,Sokoto_Tureta_Kwarare
62007,Sokoto_Tureta_Lamba Tureta
62008,Sokoto_Tureta_Lofa
62009,Sokoto_Tureta_Tsamiya
62010,Sokoto_Tureta_Tureta
62101,Sokoto_Wamako_Arkilla
62102,Sokoto_Wamako_Bado
62103,Sokoto_Wamako_Dundaye
62104,Sokoto_Wamako_Gidan Bubu
62105,Sokoto_Wamako_Gidan Hamidu
62106,Sokoto_Wamako_Gumbi
62107,Sokoto_Wamako_Gwamatse
62108,Sokoto_Wamako_Kalambaina
62109,Sokoto_Wamako_Kammata
62110,Sokoto_Wamako_Kaura
62111,Sokoto_Wamako_Wamakko
62201,Sokoto_Wurno_Achida
62202,Sokoto_Wurno_Alkanmu
62203,Sokoto_Wurno_Chaco Marnona
62204,Sokoto_Wurno_Dimbiso
62205,Sokoto_Wurno_Dinawa
62206,Sokoto_Wurno_Kwargaba
62207,Sokoto_Wurno_Kwasare
62208,Sokoto_Wurno_Lahodu
62209,Sokoto_Wurno_Magarya
62210,Sokoto_Wurno_Marafa
62211,Sokoto_Wurno_Tunga
62301,Sokoto_Yabo_Bakale
62302,Sokoto_Yabo_Bingaje
62303,Sokoto_Yabo_Binji
62304,Sokoto_Yabo_Birniruwa
62305,Sokoto_Yabo_Fakka
62306,Sokoto_Yabo_Kilgori
62307,Sokoto_Yabo_Dagawa
62308,Sokoto_Yabo_Torankawa
62309,Sokoto_Yabo_Yabo A
62310,Sokoto_Yabo_Yabo B
61211,Sokoto_Rabah_Tsamiya
60710,Sokoto_Gwadabawa_Salame
61301,Sokoto_Sabon Birni_Gangara
70101,Yobe_Barde_Dagona
70102,Yobe_Barde_Gwio-Kura
70103,Yobe_Barde_Katuzu
70106,Yobe_Barde_Sabon Gari
70108,Yobe_Barde_Lawan Musa
70109,Yobe_Barde_Sarkin Hausawa
70110,Yobe_Barde_Tsugum Tagali
70111,Yobe_Barde_Dawayo
70112,Yobe_Barde_Zango
70202,Yobe_Borsari_Kaliyari
70203,Yobe_Borsari_Kurnawa
70204,Yobe_Borsari_Masaba
70205,Yobe_Borsari_Dapchi
70206,Yobe_Borsari_Jawa G Dole
70207,Yobe_Borsari_Guba Dapso
70208,Yobe_Borsari_Guji Metalari
70209,Yobe_Borsari_Bayamari
70210,Yobe_Borsari_Guji M Tallari
70211,Yobe_Borsari_Danani
70306,Yobe_Damaturu_Kukareta Warsala
70304,Yobe_Damaturu_Gambir Moduri
70305,Yobe_Damaturu_Kalallawa Gabai
70307,Yobe_Damaturu_Murfakalam
70308,Yobe_Damaturu_Nayinawa
70309,Yobe_Damaturu_Njiwaji Gwange
70310,Yobe_Damaturu_Sasawa Kabaru
70311,Yobe_Damaturu_Bindigari Pawari
70312,Yobe_Damaturu_Maisandari WI
70401,Yobe_Fika_Garu
70402,Yobe_Fika_Fika Anze
70403,Yobe_Fika_Gadaka
70404,Yobe_Fika_Gudi Dozi
70405,Yobe_Fika_Janga
70406,Yobe_Fika_Mubi Fussami
70407,Yobe_Fika_Ngalda
70408,Yobe_Fika_Shoye
70409,Yobe_Fika_Turmi Malori
70410,Yobe_Fika_Zangaya Mazawaun
70502,Yobe_Fune_Damagum A
70503,Yobe_Fune_Daura A
70501,Yobe_Fune_Ngelzarma B
70504,Yobe_Fune_Marmari Gudugurka
70506,Yobe_Fune_Alagarno
70507,Yobe_Fune_Borno Kiji
70509,Yobe_Fune_Ngelzarma A
70510,Yobe_Fune_Damagum B
70512,Yobe_Fune_Jajere
70513,Yobe_Fune_Kayeri
70514,Yobe_Fune_Kollere Kafaje
70515,Yobe_Fune_Mashio
70602,Yobe_Geidam_Borko
70603,Yobe_Geidam_Asheikri 1
70604,Yobe_Geidam_Balle
70605,Yobe_Geidam_Kusur
70606,Yobe_Geidam_Fukurti
70608,Yobe_Geidam_Gumsa
70609,Yobe_Geidam_Asheikri 2
70610,Yobe_Geidam_Ma'Anna
70613,Yobe_Geidam_Jororo
70612,Yobe_Geidam_Futchimiram
70701,Yobe_Gujba_Buni Gari
70702,Yobe_Gujba_Buni Yadi
70703,Yobe_Gujba_Dadingel
70704,Yobe_Gujba_Goniri
70705,Yobe_Gujba_Gotala
70708,Yobe_Gujba_Gujba
70709,Yobe_Gujba_Mandunari
70710,Yobe_Gujba_Mutai
70711,Yobe_Gujba_Ngurbuwa
70712,Yobe_Gujba_Wagir
70801,Yobe_Gulani_Bara
70802,Yobe_Gulani_Teteba
70803,Yobe_Gulani_Bularafa
70804,Yobe_Gulani_Bumsa
70806,Yobe_Gulani_Gabai
70807,Yobe_Gulani_Gagure
70808,Yobe_Gulani_Garin Tuwo
70809,Yobe_Gulani_Gulani
70810,Yobe_Gulani_Kushimaga
70811,Yobe_Gulani_Njibulwa
70812,Yobe_Gulani_Ruhu
70901,Yobe_Jakusko_Buduwa
70902,Yobe_Jakusko_Dumbari
70903,Yobe_Jakusko_Gidgid Bayam
70904,Yobe_Jakusko_Gorgoram
70905,Yobe_Jakusko_Jaba
70906,Yobe_Jakusko_Jawur Katamma
70907,Yobe_Jakusko_Lafiya Loi Loi
70908,Yobe_Jakusko_Muguram
70909,Yobe_Jakusko_Zabudum Dachia
70910,Yobe_Jakusko_Jakusko
71001,Yobe_Karasuwa_Bukarti
71002,Yobe_Karasuwa_Fajiganari
71004,Yobe_Karasuwa_Garin Gawo
71005,Yobe_Karasuwa_Gasma
71006,Yobe_Karasuwa_Jaji  Maji
71007,Yobe_Karasuwa_Karasuwa Galu
71008,Yobe_Karasuwa_Karauswa Garu Guna
71009,Yobe_Karasuwa_Wachakal
71010,Yobe_Karasuwa_Waro
71011,Yobe_Karasuwa_Jajeri
71102,Yobe_Machina_Maskandare
71103,Yobe_Machina_Taganama
71104,Yobe_Machina_Bogo
71106,Yobe_Machina_Dole
71107,Yobe_Machina_Falimaram
71108,Yobe_Machina_Konkomma
71109,Yobe_Machina_Kukayasku
71110,Yobe_Machina_Lamisu
71111,Yobe_Machina_Machina
71112,Yobe_Machina_Damai
71201,Yobe_Nangere_Chilariye
71205,Yobe_Nangere_Nangere
71204,Yobe_Nangere_Chukuriya
71207,Yobe_Nangere_Dawasa
71208,Yobe_Nangere_Dazigau
71209,Yobe_Nangere_Degubi
71210,Yobe_Nangere_Kukuri
71214,Yobe_Nangere_Tikau
71215,Yobe_Nangere_Watinani
71216,Yobe_Nangere_Dudduye
71302,Yobe_Nguru_Bulabulin
71308,Yobe_Nguru_Dabule
71309,Yobe_Nguru_Dumsai
71310,Yobe_Nguru_Ngarbi
71311,Yobe_Nguru_Hausari
71312,Yobe_Nguru_Kanuri
71313,Yobe_Nguru_Maja Kura
71315,Yobe_Nguru_Nglaiwa
71403,Yobe_Potiskum_Mamudo
71405,Yobe_Potiskum_Bare Bari
71406,Yobe_Potiskum_Bolewa 'A'
71407,Yobe_Potiskum_Bolewa 'B'
71408,Yobe_Potiskum_Danchuwa
71410,Yobe_Potiskum_Dogo Tebo
71411,Yobe_Potiskum_Ngojin
71412,Yobe_Potiskum_Yerimaram
71501,Yobe_Tarmua_Babangida
71502,Yobe_Tarmua_Goduram
71503,Yobe_Tarmua_Biriri
71504,Yobe_Tarmua_Jumbam
71505,Yobe_Tarmua_Sungul Koka
71506,Yobe_Tarmua_Koriyel
71507,Yobe_Tarmua_Lantaiwa
71508,Yobe_Tarmua_Mafa
71509,Yobe_Tarmua_Manda da'a
71510,Yobe_Tarmua_Shekau
71601,Yobe_Yunusari_Bultuwa
71602,Yobe_Yunusari_Toshia
71603,Yobe_Yunusari_Degaltura
71604,Yobe_Yunusari_Dekwa
71605,Yobe_Yunusari_Dilala
71606,Yobe_Yunusari_Mairari
71607,Yobe_Yunusari_Mozogun
71609,Yobe_Yunusari_Kafiya
71610,Yobe_Yunusari_Zabudum Dachia
71611,Yobe_Yunusari_Yunusari
71702,Yobe_Yusufari_Bulatura
71703,Yobe_Yusufari_Gumshi
71704,Yobe_Yusufari_Guya
71705,Yobe_Yusufari_Jebuwa
71706,Yobe_Yusufari_Sumbar
71707,Yobe_Yusufari_Tulotulo
71708,Yobe_Yusufari_Kumagannam
71709,Yobe_Yusufari_Maimalari
71710,Yobe_Yusufari_Mayori
71711,Yobe_Yusufari_Yusufari
70805,Yobe_Gulani_Dokshi
70303,Yobe_Damaturu_Damaturu Central
70611,Yobe_Geidam_Hausari
70107,Yobe_Barde_Lawan Fannami
70302,Yobe_Damaturu_Damakasu
70505,Yobe_Fune_Daura B
71301,Yobe_Nguru_Afunori
71307,Yobe_Nguru_Bulanguwa
71402,Yobe_Potiskum_Hausawa Asibiti
71401,Yobe_Potiskum_Dogon Nini
71211,Yobe_Nangere_Langawa Darin
80101,Zamfara_Anka_Barayar Zaki
80102,Zamfara_Anka_Bagega
80103,Zamfara_Anka_Dan Galadima
80104,Zamfara_Anka_Galadima
80105,Zamfara_Anka_Magaji
80106,Zamfara_Anka_Matseri
80107,Zamfara_Anka_Sabon Birni
80108,Zamfara_Anka_Waramu
80109,Zamfara_Anka_Wuya
80110,Zamfara_Anka_Yarsabaya
80201,Zamfara_Bakura_Bakura
80202,Zamfara_Bakura_Dan Kadu
80203,Zamfara_Bakura_Yarkofoji
80204,Zamfara_Bakura_Birnin Tudu Ward
80205,Zamfara_Bakura_Dakko Ward
80206,Zamfara_Bakura_Damri
80207,Zamfara_Bakura_Danmanau
80208,Zamfara_Bakura_Nasarawa
80209,Zamfara_Bakura_Rini
80210,Zamfara_Bakura_Yargeda
80301,Zamfara_Birnin Magaji-Kiyaw_Kiyana N Malami
80302,Zamfara_Birnin Magaji-Kiyaw_Birnin Magaji
80303,Zamfara_Birnin Magaji-Kiyaw_Danfani Sabon Birni
80304,Zamfara_Birnin Magaji-Kiyaw_Godel West
80305,Zamfara_Birnin Magaji-Kiyaw_Gora
80306,Zamfara_Birnin Magaji-Kiyaw_Gusami Gari
80307,Zamfara_Birnin Magaji-Kiyaw_Gusami Hayi
80308,Zamfara_Birnin Magaji-Kiyaw_Madomawa East
80309,Zamfara_Birnin Magaji-Kiyaw_Madomawa West
80310,Zamfara_Birnin Magaji-Kiyaw_N Godel East
80401,Zamfara_Bukkuyum_Adabka
80402,Zamfara_Bukkuyum_Bukkuyum
80403,Zamfara_Bukkuyum_Gwashi
80404,Zamfara_Bukkuyum_Kyaram
80405,Zamfara_Bukkuyum_Masama
80406,Zamfara_Bukkuyum_Nasarawa
80407,Zamfara_Bukkuyum_Ruwan Jema
80408,Zamfara_Bukkuyum_Yashi
80409,Zamfara_Bukkuyum_Zarummai
80410,Zamfara_Bukkuyum_Zauma
80501,Zamfara_Bungudu_Bela Rawaiya
80502,Zamfara_Bungudu_Bingi North
80503,Zamfara_Bungudu_Bingi South
80504,Zamfara_Bungudu_Bungudu
80505,Zamfara_Bungudu_Furfuri Kwaikwai
80506,Zamfara_Bungudu_Gada Karakai
80507,Zamfara_Bungudu_Kotorkoshi
80508,Zamfara_Bungudu_Nahuche
80509,Zamfara_Bungudu_Samawa
80510,Zamfara_Bungudu_Sankalawa
80511,Zamfara_Bungudu_Tofa
80601,Zamfara_Gummi_Bardoki
80602,Zamfara_Gummi_Birnin Magaji
80603,Zamfara_Gummi_Birnin Tudu
80604,Zamfara_Gummi_Falale
80605,Zamfara_Gummi_Gamo
80606,Zamfara_Gummi_Gayari
80607,Zamfara_Gummi_Gyalganye
80608,Zamfara_Gummi_Kurfa
80609,Zamfara_Gummi_Magaji
80610,Zamfara_Gummi_Rafi
80611,Zamfara_Gummi_Uban Dawaki
80701,Zamfara_Gusau_Galadima
80702,Zamfara_Gusau_Mada
80703,Zamfara_Gusau_Madawaki
80704,Zamfara_Gusau_Magami
80705,Zamfara_Gusau_Mayana
80706,Zamfara_Gusau_Rijiya
80707,Zamfara_Gusau_Ruwan Bore
80708,Zamfara_Gusau_Sabon Gari
80709,Zamfara_Gusau_Tudun Wada
80710,Zamfara_Gusau_Wanke
80711,Zamfara_Gusau_Wonaka
80801,Zamfara_Kaura Namoda_Banga
80802,Zamfara_Kaura Namoda_Dan' Isa
80803,Zamfara_Kaura Namoda_Gabake
80804,Zamfara_Kaura Namoda_Galadima Dan Galadima
80805,Zamfara_Kaura Namoda_Kagara
80806,Zamfara_Kaura Namoda_Kagurki
80807,Zamfara_Kaura Namoda_Kurya
80808,Zamfara_Kaura Namoda_Kyambarawa
80809,Zamfara_Kaura Namoda_Sakajiki
80810,Zamfara_Kaura Namoda_Sarkin Mafara
80811,Zamfara_Kaura Namoda_Yankaba
80901,Zamfara_Maradun_Damaga Gamagiwa
80902,Zamfara_Maradun_Dosara Birnin Kaya
80903,Zamfara_Maradun_Faru Magami
80904,Zamfara_Maradun_Gidan Goga
80905,Zamfara_Maradun_Gorar Namaye
80906,Zamfara_Maradun_Janbako
80907,Zamfara_Maradun_Kaya
80908,Zamfara_Maradun_Maradun North
80909,Zamfara_Maradun_Maradun South
80910,Zamfara_Maradun_Tsibiri
81001,Zamfara_Maru_Bindin
81002,Zamfara_Maru_Bingi
81003,Zamfara_Maru_Dangulbi
81004,Zamfara_Maru_Dankurmi
81005,Zamfara_Maru_Dansadau
81006,Zamfara_Maru_Kanoma
81007,Zamfara_Maru_Kuyanbana
81008,Zamfara_Maru_Maru
81009,Zamfara_Maru_Mayanchi
81010,Zamfara_Maru_R Dorima
81101,Zamfara_Shinkafi_Galadi
81102,Zamfara_Shinkafi_Jangeru
81103,Zamfara_Shinkafi_Badarawa
81104,Zamfara_Shinkafi_Birnin Yero
81105,Zamfara_Shinkafi_Katuru
81106,Zamfara_Shinkafi_Kurya
81107,Zamfara_Shinkafi_Kware
81108,Zamfara_Shinkafi_Shanawa
81109,Zamfara_Shinkafi_Skf North
81110,Zamfara_Shinkafi_Skf South
81201,Zamfara_Talata Mafara_Galadima
81202,Zamfara_Talata Mafara_Garbadu
81203,Zamfara_Talata Mafara_Gwaram
81204,Zamfara_Talata Mafara_Jangebe
81205,Zamfara_Talata Mafara_Kagara
81206,Zamfara_Talata Mafara_Kayaye
81208,Zamfara_Talata Mafara_Morai
81209,Zamfara_Talata Mafara_Ruwan Bore
81210,Zamfara_Talata Mafara_Ruwan Gizo
81211,Zamfara_Talata Mafara_Sauna Ruwan Gora
81301,Zamfara_Tsafe_Bilbis
81302,Zamfara_Tsafe_Chediya
81303,Zamfara_Tsafe_Dan Jibga
81304,Zamfara_Tsafe_Dauki
81305,Zamfara_Tsafe_Keta
81306,Zamfara_Tsafe_Kwaren Ganuwa
81307,Zamfara_Tsafe_Tsafe Central
81308,Zamfara_Tsafe_Yan Doton Daji
81309,Zamfara_Tsafe_Yan Kuzo A
81310,Zamfara_Tsafe_Yan Kuzo B
81311,Zamfara_Tsafe_Yan Ware
81401,Zamfara_Zurmi_Dole
81402,Zamfara_Zurmi_Boko
81403,Zamfara_Zurmi_Dauran Birnin Tsaba
81404,Zamfara_Zurmi_Kanwa
81405,Zamfara_Zurmi_Kwashabawa
81406,Zamfara_Zurmi_Mashema
81407,Zamfara_Zurmi_Mayasa Kuturu
81408,Zamfara_Zurmi_Moriki
81409,Zamfara_Zurmi_Rukudawa
81410,Zamfara_Zurmi_Yanbuki
81411,Zamfara_Zurmi_Zurmi
81207,Zamfara_Talata Mafara_Makera Take Tsaba
